LineId,Label,Timestamp,Date,Node,Time,NodeRepeat,Type,Component,Level,Content,EventId,EventTemplate,System,VariableTemplate,OID,LOI,OBN,TID,SID,TDA,CRS,OBA,STC,OTP
69,-,1118112700,2005.06.06,R23-M0-N0-I:J18-U01,2005-06-06-19.51.40.376079,R23-M0-N0-I:J18-U01,RAS,KERNEL,INFO,ciod: cpu 0 at treeaddr 438 sent unrecognized message 0xffffffff,BGL_E19,ciod: cpu <*> at treeaddr <*> sent unrecognized message <*>,BGL,O O O O O O O O O O OBA,0,0,0,0,0,0,0,1,0,0
163,KERNDTLB,1118557583,2005.06.11,R30-M0-N9-C:J16-U01,2005-06-11-23.26.23.330548,R30-M0-N9-C:J16-U01,RAS,KERNEL,FATAL,data TLB error interrupt,BGL_E55,data TLB error interrupt,BGL,O O O O O O O O O O O OBA O O O O LOI,0,1,0,0,0,0,0,1,0,0
165,-,1118699850,2005.06.13,R22-M0-NC-I:J18-U01,2005-06-13-14.57.30.126106,R22-M0-NC-I:J18-U01,RAS,KERNEL,INFO,ciod: Message code 0 is not 51 or 4294967295,BGL_E38,ciod: Message code <*> is not <*> or <*>,BGL,O O O O O O O O O OID O O O,1,0,0,0,0,0,0,0,0,0
229,KERNSTOR,1118769444,2005.06.14,R21-M0-N4-C:J05-U11,2005-06-14-10.17.24.504094,R21-M0-N4-C:J05-U11,RAS,KERNEL,FATAL,data storage interrupt,BGL_E52,data storage interrupt,BGL,O O O O O O O O O OID O O O O O O O OBA O OID O OBA,2,0,0,0,0,0,0,2,0,0
238,-,1118769705,2005.06.14,R21-M1-N4-C:J10-U01,2005-06-14-10.21.45.802128,R21-M1-N4-C:J10-U01,RAS,KERNEL,FATAL,data address: 0x00000002,BGL_E50,data address: <*>,BGL,O O O O O O O O O O O O OBA OBA OBA LOI,0,1,0,0,0,0,0,3,0,0
242,-,1118769993,2005.06.14,R20-M0-N4-C:J15-U01,2005-06-14-10.26.33.758477,R20-M0-N4-C:J15-U01,RAS,KERNEL,FATAL,machine check: i-fetch......................0,BGL_E84,machine check: i-fetch......................<*>,BGL,O O O O O O O O O O OBA,0,0,0,0,0,0,0,1,0,0
248,-,1118770309,2005.06.14,R20-M1-NB-C:J03-U11,2005-06-14-10.31.49.464584,R20-M1-NB-C:J03-U11,RAS,KERNEL,FATAL,program interrupt: trap instruction.........0,BGL_E104,program interrupt: trap instruction.........<*>,BGL,O O O O O O O O O O OBA,0,0,0,0,0,0,0,1,0,0
251,-,1118770625,2005.06.14,R20-M0-NF-C:J07-U01,2005-06-14-10.37.05.332040,R20-M0-NF-C:J07-U01,RAS,KERNEL,FATAL,store operation.............................1,BGL_E116,store operation.............................<*>,BGL,O O O O O O O O O O OBA,0,0,0,0,0,0,0,1,0,0
262,-,1118771098,2005.06.14,R26-M1-N4-C:J13-U11,2005-06-14-10.44.58.632865,R26-M1-N4-C:J13-U11,RAS,KERNEL,FATAL,machine check enable..............0,BGL_E83,machine check enable..............<*>,BGL,O O O O O O O O O O OBA,0,0,0,0,0,0,0,1,0,0
265,-,1118771302,2005.06.14,R27-M1-N8-C:J09-U11,2005-06-14-10.48.22.614188,R27-M1-N8-C:J09-U11,RAS,KERNEL,FATAL,debug interrupt enable............0,BGL_E57,debug interrupt enable............<*>,BGL,O O O O O O O O O O O OBA O O O O LOI,0,1,0,0,0,0,0,1,0,0
268,-,1118771409,2005.06.14,R20-M1-N8-C:J15-U11,2005-06-14-10.50.09.563848,R20-M1-N8-C:J15-U11,RAS,KERNEL,FATAL,byte ordering exception.....................0,BGL_E16,byte ordering exception.....................<*>,BGL,O O O O O O O O O O OBA,0,0,0,0,0,0,0,1,0,0
274,-,1118771679,2005.06.14,R21-M1-N5-C:J05-U11,2005-06-14-10.54.39.063056,R21-M1-N5-C:J05-U11,RAS,KERNEL,FATAL,program interrupt: fp cr update.............0,BGL_E100,program interrupt: fp cr update.............<*>,BGL,O O O O O O O O O O OBA,0,0,0,0,0,0,0,1,0,0
276,-,1118771847,2005.06.14,R26-M0-N8-C:J03-U01,2005-06-14-10.57.27.640707,R26-M0-N8-C:J03-U01,RAS,KERNEL,FATAL,guaranteed instruction cache block touch.0,BGL_E69,guaranteed instruction cache block touch.<*>,BGL,O O O O O O O O O O O OID,1,0,0,0,0,0,0,0,0,0
280,-,1118771928,2005.06.14,R27-M1-N4-C:J05-U11,2005-06-14-10.58.48.336960,R27-M1-N4-C:J05-U11,RAS,KERNEL,FATAL,guaranteed data cache block touch........1,BGL_E68,guaranteed data cache block touch........<*>,BGL,O O O O O O O O O O OBA,0,0,0,0,0,0,0,1,0,0
281,-,1118771934,2005.06.14,R24-M0-ND-C:J02-U11,2005-06-14-10.58.54.996783,R24-M0-ND-C:J02-U11,RAS,KERNEL,FATAL,program interrupt: fp cr field .............0,BGL_E99,program interrupt: fp cr field .............<*>,BGL,O O O O O O O O O O OID O OID,2,0,0,0,0,0,0,0,0,0
282,-,1118771988,2005.06.14,R27-M0-N7-C:J02-U01,2005-06-14-10.59.48.153923,R27-M0-N7-C:J02-U01,RAS,KERNEL,FATAL,force load/store alignment...............0,BGL_E64,force load/store alignment...............<*>,BGL,O O O O O O O O O O O O O O O O O O LOI O O O O,0,1,0,0,0,0,0,0,0,0
283,-,1118772022,2005.06.14,R26-M0-N6-C:J14-U11,2005-06-14-11.00.22.056566,R26-M0-N6-C:J14-U11,RAS,KERNEL,FATAL,icache prefetch depth....................0,BGL_E71,icache prefetch depth....................<*>,BGL,O O O O O O O O O O OBA,0,0,0,0,0,0,0,1,0,0
287,-,1118772122,2005.06.14,R27-M0-N1-C:J08-U11,2005-06-14-11.02.02.749469,R27-M0-N1-C:J08-U11,RAS,KERNEL,FATAL,icache prefetch threshold................0,BGL_E72,icache prefetch threshold................<*>,BGL,O O O O O O O O O OBA O O O O O O TDA O O O O O O O TDA O O O O O O O O,0,0,0,0,0,2,0,1,0,0
288,-,1118772150,2005.06.14,R24-M0-NC-C:J12-U11,2005-06-14-11.02.30.070774,R24-M0-NC-C:J12-U11,RAS,KERNEL,FATAL,machine state register: 0x00002000,BGL_E85,machine state register: <*>,BGL,O O O O O O O O O OID O O O,1,0,0,0,0,0,0,0,0,0
289,-,1118772188,2005.06.14,R20-M0-N3-C:J06-U11,2005-06-14-11.03.08.491655,R20-M0-N3-C:J06-U11,RAS,KERNEL,FATAL,wait state enable.................0,BGL_E120,wait state enable.................<*>,BGL,O O O O O O O O O OID O O O O,1,0,0,0,0,0,0,0,0,0
290,-,1118772337,2005.06.14,R24-M0-N7-C:J06-U01,2005-06-14-11.05.37.845720,R24-M0-N7-C:J06-U01,RAS,KERNEL,FATAL,critical input interrupt enable...0,BGL_E48,critical input interrupt enable...<*>,BGL,O O O O O O O O O O O O O O O O O O LOI O O O,0,1,0,0,0,0,0,0,0,0
292,-,1118772602,2005.06.14,R21-M1-NA-C:J07-U01,2005-06-14-11.10.02.651943,R21-M1-NA-C:J07-U01,RAS,KERNEL,FATAL,"problem state (0=sup,1=usr).......0",BGL_E97,"problem state (<*>=sup,<*>=usr).......<*>",BGL,O O O O O O O O O O O OBA O O O O LOI,0,1,0,0,0,0,0,1,0,0
293,-,1118772772,2005.06.14,R21-M0-NF-C:J09-U01,2005-06-14-11.12.52.380819,R21-M0-NF-C:J09-U01,RAS,KERNEL,FATAL,floating point instr. enabled.....1,BGL_E62,floating point instr. enabled.....<*>,BGL,O O O O O O O O O O OBA,0,0,0,0,0,0,0,1,0,0
294,-,1118772810,2005.06.14,R27-M0-N9-C:J12-U01,2005-06-14-11.13.30.870052,R27-M0-N9-C:J12-U01,RAS,KERNEL,FATAL,special purpose registers:,BGL_E115,special purpose registers:,BGL,O O O O O O O O O OID O O O,1,0,0,0,0,0,0,0,0,0
295,-,1118772877,2005.06.14,R27-M1-N3-C:J04-U11,2005-06-14-11.14.37.821210,R27-M1-N3-C:J04-U11,RAS,KERNEL,FATAL,lr:00004ed0 cr:28244842 xer:20000002 ctr:00086000,BGL_E79,lr:<*> cr:<*> xer:<*> ctr:<*>,BGL,O O O O O O O O O OID O O O O,1,0,0,0,0,0,0,0,0,0
296,-,1118772927,2005.06.14,R27-M0-N6-C:J02-U11,2005-06-14-11.15.27.823191,R27-M0-N6-C:J02-U11,RAS,KERNEL,FATAL,rts internal error,BGL_E107,rts internal error,BGL,O O O O O O O O O O OID O OID,2,0,0,0,0,0,0,0,0,0
300,-,1118773424,2005.06.14,R25-M0-N2-C:J04-U11,2005-06-14-11.23.44.638394,R25-M0-N2-C:J04-U11,RAS,KERNEL,FATAL,floating pt ex mode 1 enable......0,BGL_E63,floating pt ex mode <*> enable......<*>,BGL,O O O O O O O O O O O O O,0,0,0,0,0,0,0,0,0,0
301,-,1118773618,2005.06.14,R25-M1-N7-C:J09-U11,2005-06-14-11.26.58.490506,R25-M1-N7-C:J09-U11,RAS,KERNEL,FATAL,instruction address space.........0,BGL_E75,instruction address space.........<*>,BGL,O O O O O O O O O O OID O OID,2,0,0,0,0,0,0,0,0,0
304,-,1118773772,2005.06.14,R24-M1-N0-C:J04-U11,2005-06-14-11.29.32.480633,R24-M1-N0-C:J04-U11,RAS,KERNEL,FATAL,data address space................0,BGL_E49,data address space................<*>,BGL,O O O O O O O O O OID O O O O,1,0,0,0,0,0,0,0,0,0
310,-,1118773883,2005.06.14,R24-M1-N6-C:J17-U01,2005-06-14-11.31.23.322583,R24-M1-N6-C:J17-U01,RAS,KERNEL,FATAL,core configuration register: 0x00002000,BGL_E43,core configuration register: <*>,BGL,O O O O O O O O O O O OID O OID O OID,3,0,0,0,0,0,0,0,0,0
313,-,1118774042,2005.06.14,R25-M1-N8-C:J03-U11,2005-06-14-11.34.02.588297,R25-M1-N8-C:J03-U11,RAS,KERNEL,FATAL,disable store gathering..................0,BGL_E59,disable store gathering..................<*>,BGL,O O O O O O O O O O OID O OID,2,0,0,0,0,0,0,0,0,0
346,APPREAD,1118958902,2005.06.16,R32-M1-N8-I:J18-U01,2005-06-16-14.55.02.074340,R32-M1-N8-I:J18-U01,RAS,APP,FATAL,ciod: failed to read message prefix on control stream (CioStream socket to 172.16.96.116:51706,BGL_E33,ciod: failed to read message prefix on control stream (CioStream socket to <*>:<*>,BGL,O O O O O O O O O O OBA,0,0,0,0,0,0,0,1,0,0
363,APPCHILD,1119319455,2005.06.20,R12-M1-NC-I:J18-U11,2005-06-20-19.04.15.002425,R12-M1-NC-I:J18-U11,RAS,APP,FATAL,ciod: Error creating node map from file /p/gb2/cabot/miranda/newmaps/8k_128x64x1_8x4x4.map: No child processes,BGL_E23,ciod: Error creating node map from file <*>: No child processes,BGL,O O O O O O O O O O OBA,0,0,0,0,0,0,0,1,0,0
440,-,1119803550,2005.06.26,R35-M0-NB-C:J16-U01,2005-06-26-09.32.30.029388,R35-M0-NB-C:J16-U01,RAS,KERNEL,INFO,data store interrupt caused by icbi.........0,BGL_E54,data store interrupt caused by icbi.........<*>,BGL,O O O O O O O O O TDA O O O O O O O O OBA O TDA O O O O O O O O O O O O O,0,0,0,0,0,2,0,1,0,0
444,-,1119803693,2005.06.26,R00-M1-N3-C:J11-U01,2005-06-26-09.34.53.251232,R00-M1-N3-C:J11-U01,RAS,KERNEL,INFO,program interrupt: unimplemented operation..0,BGL_E105,program interrupt: unimplemented operation..<*>,BGL,O O O O O O O O O O OID O OID,2,0,0,0,0,0,0,0,0,0
446,-,1119803856,2005.06.26,R02-M1-N4-C:J12-U01,2005-06-26-09.37.36.335874,R02-M1-N4-C:J12-U01,RAS,KERNEL,INFO,program interrupt: imprecise exception......0,BGL_E102,program interrupt: imprecise exception......<*>,BGL,O O O O O O O O O O OBA,0,0,0,0,0,0,0,1,0,0
449,-,1119806955,2005.06.26,R03-M1-NC-C:J05-U11,2005-06-26-10.29.15.890436,R03-M1-NC-C:J05-U11,RAS,KERNEL,INFO,program interrupt,BGL_E98,program interrupt,BGL,O O O O O O O O O O OBA,0,0,0,0,0,0,0,1,0,0
450,-,1119806971,2005.06.26,R05-M1-N8-C:J15-U11,2005-06-26-10.29.31.819506,R05-M1-N8-C:J15-U11,RAS,KERNEL,INFO,instruction address: 0x0062fe04,BGL_E76,instruction address: <*>,BGL,O O O O O O O O O O O O O O,0,0,0,0,0,0,0,0,0,0
451,-,1119807051,2005.06.26,R05-M0-N6-C:J06-U11,2005-06-26-10.30.51.645473,R05-M0-N6-C:J06-U11,RAS,KERNEL,INFO,exception syndrome register: 0x08000000,BGL_E61,exception syndrome register: <*>,BGL,O O O O O O O O O O O O O O,0,0,0,0,0,0,0,0,0,0
452,-,1119807165,2005.06.26,R00-M0-N4-C:J02-U01,2005-06-26-10.32.45.810547,R00-M0-N4-C:J02-U01,RAS,KERNEL,INFO,program interrupt: illegal instruction......1,BGL_E101,program interrupt: illegal instruction......<*>,BGL,O O O O O O O O O TDA O O O O O O O O OBA O TDA O O O O O O O O O O O O O,0,0,0,0,0,2,0,1,0,0
455,-,1119807491,2005.06.26,R02-M0-N9-C:J06-U01,2005-06-26-10.38.11.390037,R02-M0-N9-C:J06-U01,RAS,KERNEL,INFO,data store interrupt caused by dcbf.........0,BGL_E53,data store interrupt caused by dcbf.........<*>,BGL,O O O O O O O O O O OBA,0,0,0,0,0,0,0,1,0,0
456,-,1119807588,2005.06.26,R33-M1-N3-C:J16-U11,2005-06-26-10.39.48.944209,R33-M1-N3-C:J16-U11,RAS,KERNEL,INFO,auxiliary processor.........................0,BGL_E15,auxiliary processor.........................<*>,BGL,O O O O O O O O O O OBA,0,0,0,0,0,0,0,1,0,0
497,-,1120173883,2005.06.30,R36-M1-N4-I:J18-U01,2005-06-30-16.24.43.164196,R36-M1-N4-I:J18-U01,RAS,APP,FATAL,ciod: Error creating node map from file /p/gb2/welcome3/32k_128x256x1_8x4x4.map: Bad file descriptor,BGL_E21,ciod: Error creating node map from file <*>: Bad file descriptor,BGL,O O O O O O O O O OBA O O O O O O TDA O O O O O O O TDA O O O O O O O O,0,0,0,0,0,2,0,1,0,0
622,-,1120908821,2005.07.09,R20-M0-N8-I:J18-U01,2005-07-09-04.33.41.091472,R20-M0-N8-I:J18-U01,RAS,KERNEL,INFO,ciod: duplicate canonical-rank 31 to logical-rank 0 mapping at line 3 of node map file /p/gb2/pakin1/sweep3d-5x5x400-10mk-3mmi-1024pes-sweep/sweep.map,BGL_E20,ciod: duplicate canonical-rank <*> to logical-rank <*> mapping at line <*> of node map file <*>,BGL,O O O O O O O O O TDA O O O O O O O O OBA O TDA O O O O O O O O O O O O O,0,0,0,0,0,2,0,1,0,0
623,-,1120909906,2005.07.09,R16-M1-NC-I:J18-U11,2005-07-09-04.51.46.753675,R16-M1-NC-I:J18-U11,RAS,APP,FATAL,ciod: Error creating node map from file /p/gb2/pakin1/sweep3d-5x5x400-10mk-3mmi-1024pes-xyzt/xyzt.map: Block device required,BGL_E22,ciod: Error creating node map from file <*>: Block device required,BGL,O O O O O O O O O O O O LOI O O O O O O O,0,1,0,0,0,0,0,0,0,0
824,KERNRTSP,1121115819,2005.07.11,R04-M0-N1-C:J02-U01,2005-07-11-14.03.39.101778,R04-M0-N1-C:J02-U01,RAS,KERNEL,FATAL,rts panic! - stopping execution,BGL_E108,rts panic! - stopping execution,BGL,O O O O O O O O O O O O O O O O O O LOI O O O O,0,1,0,0,0,0,0,0,0,0
946,-,1121383222,2005.07.14,R01-M0-N0-I:J18-U11,2005-07-14-16.20.22.672549,R01-M0-N0-I:J18-U11,RAS,APP,FATAL,ciod: Error creating node map from file /home/pakin1/sweep3d-2.2b/results/random1-8x32x32x2.map: Permission denied,BGL_E24,ciod: Error creating node map from file <*>: Permission denied,BGL,O O O O O O O O O O OBA,0,0,0,0,0,0,0,1,0,0
947,-,1121408299,2005.07.14,R23-M0-N0-I:J18-U01,2005-07-14-23.18.19.684786,R23-M0-N0-I:J18-U01,RAS,KERNEL,INFO,ciod: Z coordinate 32 exceeds physical dimension 32 at line 33 of node map file /p/gb2/pakin1/contention-32768cpes-torus/xyzt-1x1x32768x1.map,BGL_E42,ciod: Z coordinate <*> exceeds physical dimension <*> at line <*> of node map file <*>,BGL,O O O O O O O O O O OBA,0,0,0,0,0,0,0,1,0,0
1030,KERNTERM,1121727206,2005.07.18,R20-M1-N8-C:J12-U01,2005-07-18-15.53.26.229596,R20-M1-N8-C:J12-U01,RAS,KERNEL,FATAL,"rts: kernel terminated for reason 1001rts: bad message header: invalid cpu, type=42315, cpu=105, index=1207960804, total=2691015",BGL_E112,"rts: kernel terminated for reason <*>: bad message header: invalid cpu, type=<*>, cpu=<*>, index=<*>, total=<*>",BGL,O O O O O O O O O O OBA,0,0,0,0,0,0,0,1,0,0
1031,-,1121727746,2005.07.18,R00-M1-N5-C:J03-U11,2005-07-18-16.02.26.154455,R00-M1-N5-C:J03-U11,RAS,KERNEL,FATAL,debug wait enable.................0,BGL_E58,debug wait enable.................<*>,BGL,O O O O O O O O O O O O O O O O O O LOI O O O O,0,1,0,0,0,0,0,0,0,0
1198,-,1122574115,2005.07.28,R31-M0-NB-C:J12-U11,2005-07-28-11.08.35.403371,R31-M0-NB-C:J12-U11,RAS,KERNEL,INFO,generating core.6161,BGL_E67,generating core.<*>,BGL,O O O O O O O O O O O O O O O O LOI O O O,0,1,0,0,0,0,0,0,0,0
1202,-,1123025954,2005.08.02,R23-M0-N7,2005-08-02-16.39.14.159918,R23-M0-N7,,HARDWARE,SEVERE,NodeCard is not fully functional,BGL_E94,NodeCard is not fully functional,BGL,O O O O O O O O O O OBA,0,0,0,0,0,0,0,1,0,0
1203,-,1123030687,2005.08.02,R00-M0-N2,2005-08-02-17.58.07.084868,R00-M0-N2,,DISCOVERY,ERROR,"Node card status: ALERT 0, ALERT 1, ALERT 2, ALERT 3 is (are) active. Clock Mode is Low. Clock Select is Midplane. Phy JTAG Reset is asserted. ASIC JTAG Reset is not asserted. Temperature Mask is not active. No temperature error. Temperature Limit Error Latch is clear. PGOOD is asserted. PGOOD error latch is clear. MPGOOD is OK. MPGOOD error latch is clear. The 2.5 volt rail is OK. The 1.5 volt rail is OK.",BGL_E91,"Node card status: ALERT <*>, ALERT <*>, ALERT <*>, ALERT <*> is (are) active. Clock Mode is Low. Clock Select is Midplane. Phy JTAG Reset is asserted. ASIC JTAG Reset is not asserted. Temperature Mask is not active. No temperature error. Temperature Limit Error Latch is clear. PGOOD is asserted. PGOOD error latch is clear. MPGOOD is OK. MPGOOD error latch is clear. The <*> volt rail is OK. The <*> volt rail is OK.",BGL,O O O O O O O O O O O OBA O O O O LOI,0,1,0,0,0,0,0,1,0,0
1206,-,1123043313,2005.08.02,UNKNOWN_LOCATION,2005-08-02-21.28.33.869729,UNKNOWN_LOCATION,,DISCOVERY,INFO,New ido chip inserted into the database: FF:F2:9F:16:C4:C2:00:0D:60:E9:3B:3D ip=10.2.1.37 v=13 t=4,BGL_E88,New ido chip inserted into the database: <*> ip=<*> v=<*> t=<*>,BGL,O O O O O O O O O O OBA,0,0,0,0,0,0,0,1,0,0
1224,-,1123262593,2005.08.05,R25-M1-N2,2005-08-05-10.23.13.029850,R25-M1-N2,,HARDWARE,WARNING,"PrepareForService shutting down NodeCard(mLctn(R25-M1-N2), mCardSernum(203231503833343000000000594c31304b34333431303158), mLp(FF:F2:9F:16:CF:0F:00:0D:60:E9:30:F0), mIp(10.2.2.80), mType(4)) as part of Service Action 310",BGL_E96,"PrepareForService shutting down NodeCard(mLctn(<*>), mCardSernum(<*>), mLp(<*>), mIp(<*>), mType(<*>)) as part of Service Action <*>",BGL,O O O O O O O O O O OBA,0,0,0,0,0,0,0,1,0,0
1229,-,1123609672,2005.08.09,R44-M0-N3,2005-08-09-10.47.52.703182,R44-M0-N3,,DISCOVERY,SEVERE,Can not get assembly information for node card,BGL_E17,Can not get assembly information for node card,BGL,O O O O O O O O O O OID O OID,2,0,0,0,0,0,0,0,0,0
1232,-,1123614572,2005.08.09,R00-M0-N6-C:J03-U11,2005-08-09-12.09.32.252222,R00-M0-N6-C:J03-U11,RAS,KERNEL,FATAL,rts tree/torus link training failed: wanted: B C X+ X- Y+ Y- Z+ Z- got: B C X- Y- Z+ Z-,BGL_E109,rts tree/torus link training failed: wanted: <*> got: <*>,BGL,O O O O O O O O O O OID O OID,2,0,0,0,0,0,0,0,0,0
1258,-,1124131896,2005.08.15,R40-M1-N0-I:J18-U11,2005-08-15-11.51.36.375271,R40-M1-N0-I:J18-U11,RAS,KERNEL,INFO,ciod: Missing or invalid fields on line 1 of node map file /home/auselton/bgl/mapfiles/bgl.128mps.f64.map,BGL_E39,ciod: Missing or invalid fields on line <*> of node map file <*>,BGL,O O O O O O O O O OBA O O O O O O TDA O O O O O O O TDA O O O O O O O O,0,0,0,0,0,2,0,1,0,0
1354,-,1125223026,2005.08.28,R54-M0-NC-C:J09-U11,2005-08-28-02.57.06.184496,R54-M0-NC-C:J09-U11,RAS,KERNEL,INFO,32888202 double-hummer alignment exceptions,BGL_E3,<*> double-hummer alignment exceptions,BGL,O O O O O O O O O O OBA,0,0,0,0,0,0,0,1,0,0
1372,-,1125225361,2005.08.28,R05-M0-NC-I:J18-U11,2005-08-28-03.36.01.417658,R05-M0-NC-I:J18-U11,RAS,KERNEL,INFO,"NFS Mount failed on bglio91, slept 15 seconds, retrying (1)",BGL_E89,"NFS Mount failed on <*>, slept <*> seconds, retrying (<*>)",BGL,O O O O O O O O O O OBA,0,0,0,0,0,0,0,1,0,0
1385,-,1125730913,2005.09.03,R06-M1-N6-C:J15-U01,2005-09-03-00.01.53.125988,R06-M1-N6-C:J15-U01,RAS,KERNEL,INFO,1 torus receiver x+ input pipe error(s) (dcr 0x02ec) detected and corrected,BGL_E8,<*> torus receiver x+ input pipe error(s) (dcr <*>) detected and corrected,BGL,O O O O O O O O O O OBA,0,0,0,0,0,0,0,1,0,0
1394,-,1126211906,2005.09.08,R62-M1-NC-I:J18-U11,2005-09-08-13.38.26.477794,R62-M1-NC-I:J18-U11,RAS,KERNEL,INFO,"ciod: In packet from node 91.0 (R62-M1-Nf-C:J03-U11), message code 2 is not 3 or 4294967295 (softheader=003b005b 00030000 00000001 00000000)",BGL_E35,"ciod: In packet from node <*> (<*>), message code <*> is not <*> or <*> (softheader=<*> <*> <*> <*>)",BGL,O O O O O O O O O O OBA,0,0,0,0,0,0,0,1,0,0
1395,-,1126267442,2005.09.09,R13-M0-N2-C:J09-U01,2005-09-09-05.04.02.346866,R13-M0-N2-C:J09-U01,RAS,KERNEL,INFO,1 torus receiver y+ input pipe error(s) (dcr 0x02ee) detected and corrected,BGL_E9,<*> torus receiver y+ input pipe error(s) (dcr <*>) detected and corrected,BGL,O O O O O O O O O O O O OID,1,0,0,0,0,0,0,0,0,0
1404,KERNMNTF,1126627325,2005.09.13,R30-M0-N4-I:J18-U01,2005-09-13-09.02.05.602211,R30-M0-N4-I:J18-U01,RAS,KERNEL,FATAL,Lustre mount FAILED : bglio388 : point /p/gb1,BGL_E81,Lustre mount FAILED : <*> : point <*>,BGL,O O O O O O O O O O OBA,0,0,0,0,0,0,0,1,0,0
1407,-,1126969026,2005.09.17,UNKNOWN_LOCATION,2005-09-17-07.57.06.422022,UNKNOWN_LOCATION,,DISCOVERY,INFO,Ido chip status changed: FF:F2:9F:15:7B:E0:00:0D:60:EA:84:1F ip=10.7.0.130 v=13 t=1 status=M Sat Sep 17 07:49:04 PDT 2005,BGL_E73,Ido chip status changed: <*> ip=<*> v=<*> t=<*> status=M <*>,BGL,O O O O O O O O O O OBA,0,0,0,0,0,0,0,1,0,0
1408,-,1126979315,2005.09.17,R76-M1-N8,2005-09-17-10.48.35.944995,R76-M1-N8,,DISCOVERY,ERROR,Node card status: no ALERTs are active. Clock Mode is Low. Clock Select is Midplane. Phy JTAG Reset is asserted. ASIC JTAG Reset is asserted. Temperature Mask is not active. No temperature error. Temperature Limit Error Latch is clear. PGOOD IS NOT ASSERTED. PGOOD ERROR LATCH IS ACTIVE. MPGOOD IS NOT OK. MPGOOD ERROR LATCH IS ACTIVE. The 2.5 volt rail is OK. The 1.5 volt rail is OK.,BGL_E92,Node card status: no ALERTs are active. Clock Mode is Low. Clock Select is Midplane. Phy JTAG Reset is asserted. ASIC JTAG Reset is asserted. Temperature Mask is not active. No temperature error. Temperature Limit Error Latch is clear. PGOOD IS NOT ASSERTED. PGOOD ERROR LATCH IS ACTIVE. MPGOOD IS NOT OK. MPGOOD ERROR LATCH IS ACTIVE. The <*> volt rail is OK. The <*> volt rail is OK.,BGL,O O O O O O O O O O O O OID,1,0,0,0,0,0,0,0,0,0
1442,-,1127248870,2005.09.20,,2005-09-20-13.41.10.218619,,RAS,MMCS,ERROR,"idoproxydb hit ASSERT condition: ASSERT expression=0 Source file=idotransportmgr.cpp Source line=1043 Function=int IdoTransportMgr::SendPacket(IdoUdpMgr*, BglCtlPavTrace*)",BGL_E74,"idoproxydb hit ASSERT condition: ASSERT expression=<*> Source file=idotransportmgr.cpp Source line=<*> Function=int IdoTransportMgr::SendPacket(IdoUdpMgr*, BglCtlPavTrace*)",BGL,O O O O O O O O O O OBA,0,0,0,0,0,0,0,1,0,0
1448,-,1127264516,2005.09.20,R05-M0-N1-C:J06-U11,2005-09-20-18.01.56.398119,R05-M0-N1-C:J06-U11,RAS,KERNEL,FATAL,rts: bad message header: expecting type 57 instead of type 3 (softheader=00131db8 81aa0003 00000002 00000000) PSR0=00001f01 PSR1=00000000 PRXF=00000002 PIXF=00000007,BGL_E110,rts: bad message header: expecting type <*> instead of type <*> (softheader=<*> <*> <*> <*>) PSR0=<*> PSR1=<*> PRXF=<*> PIXF=<*>,BGL,O O O O O O O O O O OBA,0,0,0,0,0,0,0,1,0,0
1469,-,1128027755,2005.09.29,R03-M1-ND-C:J14-U01,2005-09-29-14.02.35.872055,R03-M1-ND-C:J14-U01,RAS,KERNEL,INFO,critical input interrupt (unit=0x0b bit=0x06): warning for torus y+ wire,BGL_E44,critical input interrupt (unit=<*> bit=<*>): warning for torus y+ wire,BGL,O O O O O O O O O O OBA,0,0,0,0,0,0,0,1,0,0
1495,-,1129271439,2005.10.13,R06-M1-NA-C:J08-U11,2005-10-13-23.30.39.273604,R06-M1-NA-C:J08-U11,RAS,KERNEL,INFO,suppressing further interrupts of same type,BGL_E117,suppressing further interrupts of same type,BGL,O O O O O O O O O O OBA,0,0,0,0,0,0,0,1,0,0
1502,APPSEV,1129501476,2005.10.16,R71-M1-N0-I:J18-U01,2005-10-16-15.24.36.889002,R71-M1-N0-I:J18-U01,RAS,APP,FATAL,ciod: Error reading message prefix after LOAD_MESSAGE on CioStream socket to 172.16.96.116:47696: Link has been severed,BGL_E29,ciod: Error reading message prefix after LOAD_MESSAGE on CioStream socket to <*>:<*>: Link has been severed,BGL,O O O O O O O O O O OBA,0,0,0,0,0,0,0,1,0,0
1508,-,1129552512,2005.10.17,R02-M0-N4-C:J04-U11,2005-10-17-05.35.12.825443,R02-M0-N4-C:J04-U11,RAS,KERNEL,INFO,data cache search parity error detected. attempting to correct,BGL_E51,data cache search parity error detected. attempting to correct,BGL,O O O O O O O O O O OBA,0,0,0,0,0,0,0,1,0,0
1511,-,1129734520,2005.10.19,R17-M0-N0-I:J18-U01,2005-10-19-08.08.40.058960,R17-M0-N0-I:J18-U01,RAS,KERNEL,INFO,shutdown complete,BGL_E113,shutdown complete,BGL,O O O O O O O O O OID O O O,1,0,0,0,0,0,0,0,0,0
1513,-,1129820611,2005.10.20,R01-M1-NC-I:J18-U01,2005-10-20-08.03.31.975086,R01-M1-NC-I:J18-U01,RAS,APP,FATAL,"ciod: Error loading /bgl/apps/followup/RAPTOR/new.raptor.trace: invalid or missing program image, Exec format error",BGL_E25,"ciod: Error loading <*>: invalid or missing program image, Exec format error",BGL,O O O O O O O O O O OBA,0,0,0,0,0,0,0,1,0,0
1515,-,1129897177,2005.10.21,R07-M1-N0-C:J17-U01,2005-10-21-05.19.37.093437,R07-M1-N0-C:J17-U01,RAS,KERNEL,INFO,total of 1 ddr error(s) detected and corrected,BGL_E118,total of <*> ddr error(s) detected and corrected,BGL,O O O O O O O O O O OBA,0,0,0,0,0,0,0,1,0,0
1518,-,1130255740,2005.10.25,R11-M1-N2-C:J09-U11,2005-10-25-08.55.40.146416,R11-M1-N2-C:J09-U11,RAS,KERNEL,INFO,critical input interrupt (unit=0x0b bit=0x0b): warning for torus z- wire,BGL_E45,critical input interrupt (unit=<*> bit=<*>): warning for torus z- wire,BGL,O O O O O O O O O O OBA,0,0,0,0,0,0,0,1,0,0
1519,-,1130479310,2005.10.27,R55-M0-N9-C:J06-U11,2005-10-27-23.01.50.720520,R55-M0-N9-C:J06-U11,RAS,KERNEL,INFO,16 tree receiver 2 in re-synch state event(s) (dcr 0x019a) detected,BGL_E13,<*> tree receiver <*> in re-synch state event(s) (dcr <*>) detected,BGL,O O O O O O O O O O OBA,0,0,0,0,0,0,0,1,0,0
1720,-,1131525612,2005.11.09,R62-M0-N4-C:J13-U01,2005-11-09-00.40.12.350846,R62-M0-N4-C:J13-U01,RAS,KERNEL,FATAL,program interrupt: privileged instruction...0,BGL_E103,program interrupt: privileged instruction...<*>,BGL,O O O O O O O O O O OBA,0,0,0,0,0,0,0,1,0,0
1733,-,1131601567,2005.11.09,R51-M1-N4-C:J07-U01,2005-11-09-21.46.07.597381,R51-M1-N4-C:J07-U01,RAS,KERNEL,INFO,5 torus receiver z+ input pipe error(s) (dcr 0x02f0) detected and corrected,BGL_E10,<*> torus receiver z+ input pipe error(s) (dcr <*>) detected and corrected,BGL,O O O O O O O O O O OID O OID,2,0,0,0,0,0,0,0,0,0
1735,-,1131624435,2005.11.10,R22-M1-N1-C:J17-U11,2005-11-10-04.07.15.804295,R22-M1-N1-C:J17-U11,RAS,KERNEL,INFO,3 L3 EDRAM error(s) (dcr 0x0157) detected and corrected,BGL_E5,<*> L3 EDRAM error(s) (dcr <*>) detected and corrected,BGL,O O O O O O O O O OBA O O O O O O TDA O O O O O O O TDA O O O O O O O O,0,0,0,0,0,2,0,1,0,0
1743,-,1131692649,2005.11.10,R63-M0-N3-C:J14-U11,2005-11-10-23.04.09.760063,R63-M0-N3-C:J14-U11,RAS,KERNEL,INFO,iar 00106298 dear 02f7a18c,BGL_E70,iar <*> dear <*>,BGL,O O O O O O O O O OBA O O O O O O TDA O O O O O O O TDA O O O O O O O O,0,0,0,0,0,2,0,1,0,0
1744,-,1131693152,2005.11.10,R63-M0-N5-C:J12-U01,2005-11-10-23.12.32.269153,R63-M0-N5-C:J12-U01,RAS,KERNEL,INFO,488205 floating point alignment exceptions,BGL_E4,<*> floating point alignment exceptions,BGL,O O O O O O O O O O OBA,0,0,0,0,0,0,0,1,0,0
1746,-,1131720323,2005.11.11,R02-M1-N4-C:J06-U01,2005-11-11-06.45.23.635450,R02-M1-N4-C:J06-U01,RAS,KERNEL,INFO,"1 ddr errors(s) detected and corrected on rank 0, symbol 8, bit 7",BGL_E2,"<*> ddr errors(s) detected and corrected on rank <*>, symbol <*>, bit <*>",BGL,O O O O O O O O O TDA O O O O O O O O OBA O TDA O O O O O O O O O O O O O,0,0,0,0,0,2,0,1,0,0
1757,KERNTERM,1132111168,2005.11.15,R57-M0-NA-C:J13-U11,2005-11-15-19.19.28.379713,R57-M0-NA-C:J13-U11,RAS,KERNEL,FATAL,rts: kernel terminated for reason 1004,BGL_E111,rts: kernel terminated for reason <*>,BGL,O O O O O O O O O O OBA,0,0,0,0,0,0,0,1,0,0
1758,KERNREC,1132111278,2005.11.15,R57-M0-N8-C:J12-U01,2005-11-15-19.21.18.471861,R57-M0-N8-C:J12-U01,RAS,KERNEL,FATAL,"Error receiving packet on tree network, expecting type 57 instead of type 3 (softheader=009756d5 8bfa0003 00000002 00000000) PSR0=20021f01 PSR1=00000000 PRXF=00000002 PIXF=00000007",BGL_E60,"Error receiving packet on tree network, expecting type <*> instead of type <*> (softheader=<*> <*> <*> <*>) PSR0=<*> PSR1=<*> PRXF=<*> PIXF=<*>",BGL,O O O O O O O O O O O O O O O O O O LOI O O O,0,1,0,0,0,0,0,0,0,0
1761,-,1132236972,2005.11.17,R72-M1-N6-C:J04-U01,2005-11-17-06.16.12.504899,R72-M1-N6-C:J04-U01,RAS,KERNEL,INFO,26741629 torus sender z- retransmission error(s) (dcr 0x02f9) detected and corrected over 268 seconds,BGL_E11,<*> torus sender z- retransmission error(s) (dcr <*>) detected and corrected over <*> seconds,BGL,O O O O O O O O O O OBA,0,0,0,0,0,0,0,1,0,0
1776,-,1132586451,2005.11.21,R26-M0-N0-I:J18-U11,2005-11-21-07.20.51.661738,R26-M0-N0-I:J18-U11,RAS,KERNEL,INFO,MACHINE CHECK DCR read timeout (mc=e08x iar 0x00000000 lr 0xc00045a4),BGL_E82,MACHINE CHECK DCR read timeout (mc=<*> iar <*> lr <*>),BGL,O O O O O O O O O O OBA,0,0,0,0,0,0,0,1,0,0
1784,APPTO,1132613223,2005.11.21,R16-M1-NC-I:J18-U11,2005-11-21-14.47.03.703578,R16-M1-NC-I:J18-U11,RAS,APP,FATAL,"ciod: Error reading message prefix on CioStream socket to 172.16.96.116:41060, Connection timed out",BGL_E31,"ciod: Error reading message prefix on CioStream socket to <*>:<*>, Connection timed out",BGL,O O O O O O O O O O O O O,0,0,0,0,0,0,0,0,0,0
1785,APPRES,1132613769,2005.11.21,R66-M1-N8-I:J18-U01,2005-11-21-14.56.09.042983,R66-M1-N8-I:J18-U01,RAS,APP,FATAL,"ciod: Error reading message prefix on CioStream socket to 172.16.96.116:41587, Connection reset by peer",BGL_E30,"ciod: Error reading message prefix on CioStream socket to <*>:<*>, Connection reset by peer",BGL,O O O O O O O O O O OBA,0,0,0,0,0,0,0,1,0,0
1787,-,1132841276,2005.11.24,R03-M1-NF-C:J07-U01,2005-11-24-06.07.56.407913,R03-M1-NF-C:J07-U01,RAS,KERNEL,FATAL,dbcr0=0x00000000 dbsr=0x00000000 ccr0=0x40002000,BGL_E56,dbcr0=<*> dbsr=<*> ccr0=<*>,BGL,O O O O O O O O O O OBA,0,0,0,0,0,0,0,1,0,0
1796,-,1133051996,2005.11.26,R03-M1-NF-C:J07-U01,2005-11-26-16.39.56.330868,R03-M1-NF-C:J07-U01,RAS,KERNEL,FATAL,r24=0x0ffea4c8 r25=0x00000003 r26=0x0000000f r27=0xffffd000,BGL_E106,r24=<*> r25=<*> r26=<*> r27=<*>,BGL,O O O O O O O O O O OBA,0,0,0,0,0,0,0,1,0,0
1802,-,1133310116,2005.11.29,R67-M1-N7,2005-11-29-16.21.56.855025,R67-M1-N7,,DISCOVERY,INFO,"Node card VPD check: U01 node in processor card slot J05 do not match. VPD ecid 04D37DF2DE7BFFFF0D081AF0DAD2, found 04DD80740E2FFFFF0A0C19D0CEBD",BGL_E93,"Node card VPD check: <*> node in processor card slot <*> do not match. VPD ecid <*>, found <*>",BGL,O O O O O O O O O OID O O O,1,0,0,0,0,0,0,0,0,0
1803,-,1133317778,2005.11.29,R01-M1-NC-I:J18-U01,2005-11-29-18.29.38.531250,R01-M1-NC-I:J18-U01,RAS,KERNEL,INFO,"ciod: Received signal 15, code=0, errno=0, address=0x000001f5",BGL_E41,"ciod: Received signal <*>, code=<*>, errno=<*>, address=<*>",BGL,O O O O O O O O O OID O O O O,1,0,0,0,0,0,0,0,0,0
1806,-,1133409779,2005.11.30,R13-M1-NC-I:J18-U01,2005-11-30-20.02.59.033978,R13-M1-NC-I:J18-U01,RAS,APP,FATAL,ciod: LOGIN chdir(/g/g0/spelce1/Linpack_SWL) failed: No such file or directory,BGL_E37,ciod: LOGIN chdir(<*>) failed: No such file or directory,BGL,O O O O O O O O O O OBA,0,0,0,0,0,0,0,1,0,0
1927,-,1133455660,2005.12.01,R24-M0-N9-C:J10-U11,2005-12-01-08.47.40.003136,R24-M0-N9-C:J10-U11,RAS,KERNEL,INFO,0 microseconds spent in the rbs signal handler during 0 calls. 0 microseconds was the maximum time for a single instance of a correctable ddr.,BGL_E7,<*> microseconds spent in the rbs signal handler during <*> calls. <*> microseconds was the maximum time for a single instance of a correctable ddr.,BGL,O O O O O O O O O O OBA,0,0,0,0,0,0,0,1,0,0
1929,-,1133458363,2005.12.01,R00-M0-N8-C:J17-U01,2005-12-01-09.32.43.947020,R00-M0-N8-C:J17-U01,RAS,KERNEL,INFO,"720 total interrupts. 0 critical input interrupts. 0 microseconds total spent on critical input interrupts, 0 microseconds max time in a critical input interrupt.",BGL_E12,"<*> total interrupts. <*> critical input interrupts. <*> microseconds total spent on critical input interrupts, <*> microseconds max time in a critical input interrupt.",BGL,O O O O O O O O O OID O O O O,1,0,0,0,0,0,0,0,0,0
1934,-,1133630999,2005.12.03,R10-M1-N2,2005-12-03-09.29.59.645290,R10-M1-N2,,HARDWARE,WARNING,"PrepareForService shutting down Node card(mLctn(R10-M1-N2), mCardSernum(203231503833343000000000594c31304b34323934303257), mLp(FF:F2:9F:16:E0:DA:00:0D:60:E9:1F:25), mIp(10.1.1.164), mType(4)) as part of Service Action 648",BGL_E95,"PrepareForService shutting down Node card(mLctn(<*>), mCardSernum(<*>), mLp(<*>), mIp(<*>), mType(<*>)) as part of Service Action <*>",BGL,O O O O O O O O O O O OBA O O O O LOI,0,1,0,0,0,0,0,1,0,0
1936,-,1133646587,2005.12.03,R55-M0-N9-C:J06-U11,2005-12-03-13.49.47.382429,R55-M0-N9-C:J06-U11,RAS,KERNEL,INFO,1 tree receiver 1 in re-synch state event(s) (dcr 0x0185) detected over 244 seconds,BGL_E14,<*> tree receiver <*> in re-synch state event(s) (dcr <*>) detected over <*> seconds,BGL,O O O O O O O O O O OBA,0,0,0,0,0,0,0,1,0,0
1944,-,1133715641,2005.12.04,R23-M0-NC-C:J05-U01,2005-12-04-09.00.41.990496,R23-M0-NC-C:J05-U01,RAS,KERNEL,INFO,"CE sym 29, at 0x0ea9fd60, mask 0x40",BGL_E18,"CE sym <*>, at <*>, mask <*>",BGL,O O O O O O O O O OBA O O O O O O TDA O O O O O O O TDA O O O O O O O O,0,0,0,0,0,2,0,1,0,0
1946,-,1133721087,2005.12.04,R71-M0-N4-C:J14-U01,2005-12-04-10.31.27.742650,R71-M0-N4-C:J14-U01,RAS,KERNEL,FATAL,minus normalized number..................0,BGL_E87,minus normalized number..................<*>,BGL,O O O O O O O O O O O OID O OID O OID,3,0,0,0,0,0,0,0,0,0
1947,KERNMNTF,1133726737,2005.12.04,R46-M0-N8-I:J18-U11,2005-12-04-12.05.37.993474,R46-M0-N8-I:J18-U11,RAS,KERNEL,FATAL,Lustre mount FAILED : bglio617 : block_id : location,BGL_E80,Lustre mount FAILED : <*> : block_id : location,BGL,O O O O O O O O O O O O O OID,1,0,0,0,0,0,0,0,0,0
1948,-,1133835041,2005.12.05,R52-M1-NA-C:J03-U01,2005-12-05-18.10.41.610617,R52-M1-NA-C:J03-U01,RAS,KERNEL,FATAL,fraction rounded.........................0,BGL_E66,fraction rounded.........................<*>,BGL,O O O O O O O O O O OID O OID,2,0,0,0,0,0,0,0,0,0
1949,-,1133892304,2005.12.06,R12-M0-NC,2005-12-06-10.05.04.300635,R12-M0-NC,,DISCOVERY,WARNING,Node card is not fully functional,BGL_E90,Node card is not fully functional,BGL,O O O O O O O O O O OBA,0,0,0,0,0,0,0,1,0,0
1950,-,1133913870,2005.12.06,R01-M0-N0-C:J04-U01,2005-12-06-16.04.30.188673,R01-M0-N0-C:J04-U01,RAS,KERNEL,INFO,"critical input interrupt (unit=0x0b bit=0x17): warning for tree C1 wire, suppressing further interrupts of same type",BGL_E47,"critical input interrupt (unit=<*> bit=<*>): warning for tree C1 wire, suppressing further interrupts of same type",BGL,O O O O O O O O O OID O O O O,1,0,0,0,0,0,0,0,0,0
1951,-,1133919747,2005.12.06,R03-M0-N7-C:J07-U01,2005-12-06-17.42.27.383145,R03-M0-N7-C:J07-U01,RAS,KERNEL,FATAL,size of scratchpad portion of L3.........0 (0M),BGL_E114,size of scratchpad portion of L3.........<*> (<*>),BGL,O O O O O O O O O O OBA,0,0,0,0,0,0,0,1,0,0
1959,-,1133928743,2005.12.06,R36-M0-NE-C:J13-U01,2005-12-06-20.12.23.534341,R36-M0-NE-C:J13-U01,RAS,KERNEL,INFO,"Kernel detected 3486044 integer alignment exceptions (3486037) iar 0x00544ea8, dear 0x01ef7c60 (3486038) iar 0x00544eb8, dear 0x01ef7c80 (3486039) iar 0x00544ea8, dear 0x01ef7ca0 (3486040) iar 0x00544eb8, dear 0x01ef7cc0 (3486041) iar 0x00544ee0, dear 0x01ef7ce0 (3486042) iar 0x00544ef0, dear 0x01ef7d00 (3486043) iar 0x00544ee0, dear 0x01ef7d20 (3486044) iar 0x00544ef0, dear 0x01ef7d40",BGL_E78,"Kernel detected <*> integer alignment exceptions (<*>) iar <*>, dear <*> (<*>) iar <*>, dear <*> (<*>) iar <*>, dear <*> (<*>) iar <*>, dear <*> (<*>) iar <*>, dear <*> (<*>) iar <*>, dear <*> (<*>) iar <*>, dear <*> (<*>) iar <*>, dear <*>",BGL,O O O O O O O O O O OBA,0,0,0,0,0,0,0,1,0,0
1971,-,1134161388,2005.12.09,R07-M0-N8-I:J18-U11,2005-12-09-12.49.48.361835,R07-M0-N8-I:J18-U11,RAS,APP,FATAL,"ciod: Error loading /bgl/apps/SWL/stability/HPL/WORK/1501./hpl_DD: invalid or missing program image, No such file or directory",BGL_E28,"ciod: Error loading <*>: invalid or missing program image, No such file or directory",BGL,O O O O O O O O O O O O O O OID,1,0,0,0,0,0,0,0,0,0
1973,APPOUT,1134357549,2005.12.11,R63-M1-N0-I:J18-U11,2005-12-11-19.19.09.737509,R63-M1-N0-I:J18-U11,RAS,APP,FATAL,ciod: LOGIN chdir(/p/gb1/stella/RAPTOR/2183) failed: Input/output error,BGL_E36,ciod: LOGIN chdir(<*>) failed: Input/output error,BGL,O O O O O O O O O O OID O OID,2,0,0,0,0,0,0,0,0,0
1977,-,1134599601,2005.12.14,R76-M1-N0-I:J18-U01,2005-12-14-14.33.21.188706,R76-M1-N0-I:J18-U01,RAS,APP,FATAL,"ciod: Error loading /g/g0/spelce1/Tuned/SPaSM-base/rundir/SPaSM.baseline: invalid or missing program image, Permission denied",BGL_E26,"ciod: Error loading <*>: invalid or missing program image, Permission denied",BGL,O O O O O O O O O O OBA,0,0,0,0,0,0,0,1,0,0
1978,-,1134601394,2005.12.14,R42-M1-N2-C:J03-U11,2005-12-14-15.03.14.212440,R42-M1-N2-C:J03-U11,RAS,KERNEL,INFO,"critical input interrupt (unit=0x0b bit=0x0a): warning for torus z+ wire, suppressing further interrupts of same type",BGL_E46,"critical input interrupt (unit=<*> bit=<*>): warning for torus z+ wire, suppressing further interrupts of same type",BGL,O O O O O O O O O O OBA,0,0,0,0,0,0,0,1,0,0
1980,-,1134626183,2005.12.14,R74-M1-N0-C:J12-U01,2005-12-14-21.56.23.782819,R74-M1-N0-C:J12-U01,RAS,KERNEL,INFO,"5 ddr error(s) detected and corrected on rank 0, symbol 28 over 2946 seconds",BGL_E1,"<*> ddr error(s) detected and corrected on rank <*>, symbol <*> over <*> seconds",BGL,O O O O O O O O O O O LOI,0,1,0,0,0,0,0,0,0,0
1982,APPSEV,1134631019,2005.12.14,R32-M0-NC-I:J18-U01,2005-12-14-23.16.59.947676,R32-M0-NC-I:J18-U01,RAS,APP,FATAL,"ciod: Error reading message prefix on CioStream socket to 172.16.96.116:50288, Link has been severed",BGL_E32,"ciod: Error reading message prefix on CioStream socket to <*>:<*>, Link has been severed",BGL,O O O O O O O O O O OBA,0,0,0,0,0,0,0,1,0,0
1985,-,1134929456,2005.12.18,R30-M1-N3-C:J13-U01,2005-12-18-10.10.56.366499,R30-M1-N3-C:J13-U01,RAS,KERNEL,INFO,2 L3 EDRAM error(s) (dcr 0x0157) detected and corrected over 282 seconds,BGL_E6,<*> L3 EDRAM error(s) (dcr <*>) detected and corrected over <*> seconds,BGL,O O O O O O O O O O OID O OID,2,0,0,0,0,0,0,0,0,0
1986,-,1134954903,2005.12.18,R13-M1-N1-C:J03-U01,2005-12-18-17.15.03.147145,R13-M1-N1-C:J03-U01,RAS,KERNEL,INFO,total of 3 ddr error(s) detected and corrected over 8732 seconds,BGL_E119,total of <*> ddr error(s) detected and corrected over <*> seconds,BGL,O O O O O O O O O O OBA,0,0,0,0,0,0,0,1,0,0
1987,-,1135050698,2005.12.19,R77-M1-NC-I:J18-U01,2005-12-19-19.51.38.151363,R77-M1-NC-I:J18-U01,RAS,KERNEL,INFO,ciod: pollControlDescriptors: Detected the debugger died.,BGL_E40,ciod: pollControlDescriptors: Detected the debugger died.,BGL,O O O O O O O O O O OBA,0,0,0,0,0,0,0,1,0,0
1989,-,1135178837,2005.12.21,R62-M0-N4-I:J18-U01,2005-12-21-07.27.17.749308,R62-M0-N4-I:J18-U01,RAS,APP,FATAL,"ciod: Error loading /g/g24/buber/Yunsic/BlueGene/partad.develf/taddriver.32.exe: program image too big, 361544528 > 266076160",BGL_E27,"ciod: Error loading <*>: program image too big, <*> > <*>",BGL,O O O O O O O O O O O O O O OID O OID O OID,3,0,0,0,0,0,0,0,0,0
1990,-,1135579635,2005.12.25,R62-M1-NA-C:J04-U01,2005-12-25-22.47.15.963417,R62-M1-NA-C:J04-U01,RAS,KERNEL,FATAL,fpr29=0xffffffff ffffffff ffffffff ffffffff,BGL_E65,fpr29=<*>,BGL,O O O O O O O O O O OBA,0,0,0,0,0,0,0,1,0,0
1991,-,1135602839,2005.12.26,R61-M0-N3-C:J11-U11,2005-12-26-05.13.59.265193,R61-M0-N3-C:J11-U11,RAS,KERNEL,FATAL,Machine State Register: 0x0002f900,BGL_E86,Machine State Register: <*>,BGL,O O O O O O O O O O O OID,1,0,0,0,0,0,0,0,0,0
1999,-,1135675498,2005.12.27,R37-M1-NC-C:J02-U11,2005-12-27-01.24.58.711345,R37-M1-NC-C:J02-U11,RAS,KERNEL,INFO,instruction cache parity error corrected,BGL_E77,instruction cache parity error corrected,BGL,O O O O O O O O O O O LOI,0,1,0,0,0,0,0,0,0,0
2000,-,1136301189,2006.01.03,R07-M0-N0-I:J18-U11,2006-01-03-07.13.09.127918,R07-M0-N0-I:J18-U11,RAS,KERNEL,INFO,ciod: generated 128 core files for program /g/g24/germann2/SPaSM_mini/MEAM/r13,BGL_E34,ciod: generated <*> core files for program <*>,BGL,O O O O O O O O O O OBA,0,0,0,0,0,0,0,1,0,0
