LineId,Label,Timestamp,Date,User,Month,Day,Time,Location,Component,PID,Content,EventId,EventTemplate,System,VariableTemplate,OID,LOI,OBN,TID,SID,TDA,CRS,OBA,STC,OTP
45,-,1131566462,2005.11.09,#8#,Nov,9,12:01:02,#8#/#8#,crond,23474.0,(root) CMD (run-parts /etc/cron.hourly),Thunderbird_E3,(<*>) CMD (run-parts <*>),Thunderbird,O O O O O O O O O O O O O O O OID O,1,0,0,0,0,0,0,0,0,0
141,-,1131566503,2005.11.09,aadmin1,Nov,9,12:01:43,src@aadmin1,xinetd,18274.0,START: tftp pid=16563 from=10.100.4.251,Thunderbird_E119,START: tftp pid=<*> from=<*>,Thunderbird,O O O O O O O O O O O LOI O OBA,0,1,0,0,0,0,0,1,0,0
206,-,1131566527,2005.11.09,aadmin1,Nov,9,12:02:07,src@aadmin1,dhcpd,,DHCPACK on 10.100.4.251 to 00:11:43:e3:ba:c3 via eth1,Thunderbird_E35,DHCPACK on <*> to <*> via eth1,Thunderbird,O O O O O O O O O O O LOI O OBA,0,1,0,0,0,0,0,1,0,0
208,-,1131566527,2005.11.09,aadmin1,Nov,9,12:02:07,src@aadmin1,dhcpd,,DHCPDISCOVER from 00:11:43:e3:ba:c3 via eth1,Thunderbird_E36,DHCPDISCOVER from <*> via eth1,Thunderbird,O O O O O O O O O O O LOI O OBA,0,1,0,0,0,0,0,1,0,0
210,-,1131566527,2005.11.09,aadmin1,Nov,9,12:02:07,src@aadmin1,dhcpd,,DHCPOFFER on 10.100.4.251 to 00:11:43:e3:ba:c3 via eth1,Thunderbird_E38,DHCPOFFER on <*> to <*> via eth1,Thunderbird,O O O O O O O O O O O O O O O O O OBN OBN OBN OBN OBN OBN OBN OBN OBN OBN OBN OBN OBN OBN OBN OBN OBN OBN OBN OBN OBN OBN OBN OBN OBN OBN OBN OBN OBN OBN OBN OBN OBN OBN OBN OBN OBN OBN OBN OBN OBN OBN OBN OBN OBN OBN OBN OBN OBN OBN OBN OBN OBN OBN OBN OBN OBN OBN OBN OBN OBN OBN OBN OBN OBN OBN OBN OBN OBN OBN OBN OBN OBN OBN OBN OBN OBN OBN OBN OBN OBN OBN OBN OBN OBN OBN OBN OBN OBN OBN OBN OBN OBN OBN OBN OBN OBN OBN OBN OBN OBN OBN OBN OBN OBN OBN OBN OBN OBN OBN OBN OBN OBN OBN OBN,0,0,115,0,0,0,0,0,0,0
211,-,1131566527,2005.11.09,aadmin1,Nov,9,12:02:07,src@aadmin1,dhcpd,,DHCPREQUEST for 10.100.4.251 (10.100.0.250) from 00:11:43:e3:ba:c3 via eth1,Thunderbird_E39,DHCPREQUEST for <*> (<*>) from <*> via eth1,Thunderbird,O O O O O O O O O O O O O O O OID O,1,0,0,0,0,0,0,0,0,0
219,-,1131566527,2005.11.09,aadmin4,Nov,9,12:02:07,src@aadmin4,dhcpd,,DHCPDISCOVER from 00:11:43:e3:ba:c3 via eth1: network A_net: no free leases,Thunderbird_E37,DHCPDISCOVER from <*> via eth1: network A_net: no free leases,Thunderbird,O O O O O O O O O O O O O O O OID O,1,0,0,0,0,0,0,0,0,0
220,-,1131566527,2005.11.09,aadmin4,Nov,9,12:02:07,src@aadmin4,dhcpd,,DHCPREQUEST for 10.100.4.251 (10.100.0.250) from 00:11:43:e3:ba:c3 via eth1: unknown lease 10.100.4.251.,Thunderbird_E40,DHCPREQUEST for <*> (<*>) from <*> via eth1: unknown lease <*>.,Thunderbird,O O O O O O O O O O O LOI O OBA,0,1,0,0,0,0,0,1,0,0
459,-,1131566665,2005.11.09,tbird-admin1,Nov,9,12:04:25,local@tbird-admin1,ntpd,1815.0,kernel time sync disabled 0041,Thunderbird_E61,kernel time sync disabled <*>,Thunderbird,O O O O O O O O O O O O O O O OID O,1,0,0,0,0,0,0,0,0,0
460,-,1131566665,2005.11.09,tbird-admin1,Nov,9,12:04:25,local@tbird-admin1,ntpd,1815.0,time reset +0.182379 s,Thunderbird_E128,time reset +<*> s,Thunderbird,O O O O O O O O O O O O O O O OID O,1,0,0,0,0,0,0,0,0,0
566,-,1131566712,2005.11.09,#32#,Nov,9,12:05:12,#32#/#32#,snmpd,1964.0,Received SNMP packet(s) from #34#,Thunderbird_E98,Received SNMP packet(s) from #<*>#,Thunderbird,O O O O O O O O O O O O O O,0,0,0,0,0,0,0,0,0,0
957,-,1131566925,2005.11.09,tbird-admin1,Nov,9,12:08:45,local@tbird-admin1,ntpd,1815.0,kernel time sync enabled 0001,Thunderbird_E62,kernel time sync enabled <*>,Thunderbird,O O O O O O O O O O O O O O O OID O,1,0,0,0,0,0,0,0,0,0
1108,-,1131567001,2005.11.09,eadmin1,Nov,9,12:10:01,src@eadmin1,crond(pam_unix),4309.0,session opened for user root by (uid=0),Thunderbird_E118,session opened for user <*> by (uid=<*>),Thunderbird,O O O O O O O O O O O O O O O OID O,1,0,0,0,0,0,0,0,0,0
1109,-,1131567001,2005.11.09,eadmin1,Nov,9,12:10:01,src@eadmin1,crond,4310.0,(root) CMD (/projects/tbird/temps/get_temps e),Thunderbird_E2,(<*>) CMD (<*> <*>),Thunderbird,O O O O O O O O O O O O O O O OID O,1,0,0,0,0,0,0,0,0,0
1170,-,1131567033,2005.11.09,dadmin1,Nov,9,12:10:33,src@dadmin1,sendmail,27337.0,My unqualified host name (dadmin1) unknown; sleeping for retry,Thunderbird_E75,My unqualified host name (<*>) unknown; sleeping for retry,Thunderbird,O O O O O O O O O O O LOI O OBA,0,1,0,0,0,0,0,1,0,0
1182,-,1131567043,2005.11.09,tbird-admin1,Nov,9,12:10:43,local@tbird-admin1,- User ID,,CentOS-4 (Kernel Module GPG key),Thunderbird_E25,CentOS-<*> (Kernel Module GPG key),Thunderbird,O O O O O O O O O O O O O O,0,0,0,0,0,0,0,0,0,0
1183,-,1131567043,2005.11.09,tbird-admin1,Nov,9,12:10:43,local@tbird-admin1,ACPI,,(supports S0 S4 S5),Thunderbird_E4,(supports <*>),Thunderbird,O O O O O O O O O O O LOI O OBA,0,1,0,0,0,0,0,1,0,0
1187,-,1131567043,2005.11.09,tbird-admin1,Nov,9,12:10:43,local@tbird-admin1,ACPI,,HPET id: 0xffffffff base: 0xfed00000,Thunderbird_E50,HPET id: <*> base: <*>,Thunderbird,O O O O O O O O O O O O O O,0,0,0,0,0,0,0,0,0,0
1188,-,1131567043,2005.11.09,tbird-admin1,Nov,9,12:10:43,local@tbird-admin1,ACPI,,INT_SRC_OVR (bus 0 bus_irq 0 global_irq 2 dfl dfl),Thunderbird_E55,INT_SRC_OVR (bus <*> bus_irq <*> global_irq <*> dfl dfl),Thunderbird,O O O O O O O O O O O O O,0,0,0,0,0,0,0,0,0,0
1189,-,1131567043,2005.11.09,tbird-admin1,Nov,9,12:10:43,local@tbird-admin1,ACPI,,INT_SRC_OVR (bus 0 bus_irq 9 global_irq 9 high level),Thunderbird_E56,INT_SRC_OVR (bus <*> bus_irq <*> global_irq <*> high level),Thunderbird,O O O O O O O O O O O O O O O OID O,1,0,0,0,0,0,0,0,0,0
1192,-,1131567043,2005.11.09,tbird-admin1,Nov,9,12:10:43,local@tbird-admin1,ACPI,,IOAPIC (id[0x0a] address[0xfec83000] gsi_base[64]),Thunderbird_E59,IOAPIC (id[<*>] address[<*>] gsi_base[<*>]),Thunderbird,O O O O O O O O O O O O O O O OID O,1,0,0,0,0,0,0,0,0,0
1195,-,1131567043,2005.11.09,tbird-admin1,Nov,9,12:10:43,local@tbird-admin1,ACPI,,IRQ9 used by override.,Thunderbird_E60,<*> used by override.,Thunderbird,O O O O O O O O O O O O O O O OID O,1,0,0,0,0,0,0,0,0,0
1196,-,1131567043,2005.11.09,tbird-admin1,Nov,9,12:10:43,local@tbird-admin1,ACPI,,Interpreter enabled,Thunderbird_E58,Interpreter enabled,Thunderbird,O O O O O O O O O O O LOI O OBA,0,1,0,0,0,0,0,1,0,0
1200,-,1131567043,2005.11.09,tbird-admin1,Nov,9,12:10:43,local@tbird-admin1,ACPI,,LAPIC (acpi_id[0x04] lapic_id[0x07] enabled),Thunderbird_E64,LAPIC (acpi_id[<*>] lapic_id[<*>] enabled),Thunderbird,O O O O O O O O O O O LOI O OBA,0,1,0,0,0,0,0,1,0,0
1204,-,1131567043,2005.11.09,tbird-admin1,Nov,9,12:10:43,local@tbird-admin1,ACPI,,LAPIC_NMI (acpi_id[0x04] high edge lint[0x1]),Thunderbird_E65,LAPIC_NMI (acpi_id[<*>] high edge lint[<*>]),Thunderbird,O O O O O O O O O O O O O O O OID O,1,0,0,0,0,0,0,0,0,0
1205,-,1131567043,2005.11.09,tbird-admin1,Nov,9,12:10:43,local@tbird-admin1,ACPI,,Local APIC address 0xfee00000,Thunderbird_E66,Local APIC address <*>,Thunderbird,O O O O O O O O O O O LOI O OBA,0,1,0,0,0,0,0,1,0,0
1209,-,1131567043,2005.11.09,tbird-admin1,Nov,9,12:10:43,local@tbird-admin1,ACPI,,PCI Interrupt Link [LNKB] (IRQs 3 4 5 6 7 10 *11 12),Thunderbird_E83,PCI Interrupt Link [<*>] (IRQs <*> <*> <*> <*> <*> <*> <*> <*>),Thunderbird,O O O O O O O O O O O O O O O OID O,1,0,0,0,0,0,0,0,0,0
1210,-,1131567043,2005.11.09,tbird-admin1,Nov,9,12:10:43,local@tbird-admin1,ACPI,,PCI Interrupt Link [LNKC] (IRQs 3 4 5 6 7 10 11 12) *15,Thunderbird_E82,PCI Interrupt Link [<*>] (IRQs <*> <*> <*> <*> <*> <*> <*> <*>) <*>,Thunderbird,O O O O O O O O O O O O O O O OID O,1,0,0,0,0,0,0,0,0,0
1215,-,1131567043,2005.11.09,tbird-admin1,Nov,9,12:10:43,local@tbird-admin1,ACPI,,"PCI Interrupt Link [LNKH] (IRQs 3 4 5 6 7 10 11 12) *0, disabled.",Thunderbird_E84,"PCI Interrupt Link [<*>] (IRQs <*> <*> <*> <*> <*> <*> <*> <*>) <*>, disabled.",Thunderbird,O O O O O O O O O O O O O,0,0,0,0,0,0,0,0,0,0
1225,-,1131567043,2005.11.09,tbird-admin1,Nov,9,12:10:43,local@tbird-admin1,ACPI,,PCI Interrupt Routing Table [\_SB_.PCI0._PRT],Thunderbird_E85,PCI Interrupt Routing Table [<*>],Thunderbird,O O O O O O O O O O O O O O,0,0,0,0,0,0,0,0,0,0
1226,-,1131567043,2005.11.09,tbird-admin1,Nov,9,12:10:43,local@tbird-admin1,ACPI,,PCI Root Bridge [PCI0] (00:00),Thunderbird_E86,PCI <*> Bridge [PCI0] (<*>:<*>),Thunderbird,O O O O O O O O O O O O O O,0,0,0,0,0,0,0,0,0,0
1237,-,1131567043,2005.11.09,tbird-admin1,Nov,9,12:10:43,local@tbird-admin1,ACPI,,"PCI interrupt 0000:09:0d.0[A] -> GSI 18 (level, low) -> IRQ 201",Thunderbird_E81,"PCI interrupt <*> -> GSI <*> (level, low) -> IRQ <*>",Thunderbird,O O O O O O O O O O O O O O O OID O,1,0,0,0,0,0,0,0,0,0
1238,-,1131567043,2005.11.09,tbird-admin1,Nov,9,12:10:43,local@tbird-admin1,ACPI,,Power Button (FF) [PWRF],Thunderbird_E90,Power Button (FF) [PWRF],Thunderbird,O O O O O O O O O O O LOI O OBA,0,1,0,0,0,0,0,1,0,0
1242,-,1131567043,2005.11.09,tbird-admin1,Nov,9,12:10:43,local@tbird-admin1,ACPI,,Processor [CPU3] (supports C1),Thunderbird_E94,Processor [<*>] (supports C1),Thunderbird,O O O O O O O O O O OBN,0,0,1,0,0,0,0,0,0,0
1243,-,1131567043,2005.11.09,tbird-admin1,Nov,9,12:10:43,local@tbird-admin1,ACPI,,RSDP (v000 DELL ) @ 0x00000000000fd650,Thunderbird_E112,RSDP (<*> DELL ) @ <*>,Thunderbird,O O O O O O O O O O O O O O,0,0,0,0,0,0,0,0,0,0
1245,-,1131567043,2005.11.09,tbird-admin1,Nov,9,12:10:43,local@tbird-admin1,ACPI,,SPCR (v001 DELL PE BKC 0x00000001 MSFT 0x0100000a) @ 0x00000000000fd7cc,Thunderbird_E10,<*> (v001 DELL PE BKC <*> MSFT <*>) @ <*>,Thunderbird,O O O O O O O O O O O LOI O OBA,0,1,0,0,0,0,0,1,0,0
1246,-,1131567043,2005.11.09,tbird-admin1,Nov,9,12:10:43,local@tbird-admin1,ACPI,,Subsystem revision 20040816,Thunderbird_E123,Subsystem revision <*>,Thunderbird,O O O O O O O O O O O LOI O OBA,0,1,0,0,0,0,0,1,0,0
1247,-,1131567043,2005.11.09,tbird-admin1,Nov,9,12:10:43,local@tbird-admin1,ACPI,,Using IOAPIC for interrupt routing,Thunderbird_E139,Using IOAPIC for interrupt routing,Thunderbird,O O O O O O O O O O O O O O O OID O,1,0,0,0,0,0,0,0,0,0
1248,-,1131567043,2005.11.09,tbird-admin1,Nov,9,12:10:43,local@tbird-admin1,CPU0,,Intel(R) Xeon(TM) CPU 3.60GHz stepping 03,Thunderbird_E57,Intel(R) Xeon(TM) CPU <*> stepping <*>,Thunderbird,O O O O O O O O O O O O O O O OID O,1,0,0,0,0,0,0,0,0,0
1253,-,1131567043,2005.11.09,tbird-admin1,Nov,9,12:10:43,local@tbird-admin1,CPU,,L2 cache: 2048K,Thunderbird_E63,L2 cache: <*>,Thunderbird,O O O O O O O O O O O O O O O OID O,1,0,0,0,0,0,0,0,0,0
1258,-,1131567043,2005.11.09,tbird-admin1,Nov,9,12:10:43,local@tbird-admin1,CPU,,Physical Processor ID: 3,Thunderbird_E88,Physical Processor ID: <*>,Thunderbird,O O O O O O O O O O O LOI O OBA,0,1,0,0,0,0,0,1,0,0
1263,-,1131567043,2005.11.09,tbird-admin1,Nov,9,12:10:43,local@tbird-admin1,CPU,,"Trace cache: 12K uops, L1 D cache: 16K",Thunderbird_E129,"Trace cache: <*> uops, L1 D cache: <*>",Thunderbird,O O O O O O O O O O O O O O O OID O,1,0,0,0,0,0,0,0,0,0
1264,-,1131567043,2005.11.09,tbird-admin1,Nov,9,12:10:43,local@tbird-admin1,Console,,colour VGA+ 80x25,Thunderbird_E27,colour VGA+ <*>,Thunderbird,O O O O O O O O O O O O O O O OID O,1,0,0,0,0,0,0,0,0,0
1267,-,1131567043,2005.11.09,tbird-admin1,Nov,9,12:10:43,local@tbird-admin1,EXT3-fs,,mounted filesystem with ordered data mode.,Thunderbird_E71,mounted filesystem with ordered data mode.,Thunderbird,O O O O O O O O O O O O O O O OID O,1,0,0,0,0,0,0,0,0,0
1268,-,1131567043,2005.11.09,tbird-admin1,Nov,9,12:10:43,local@tbird-admin1,IA32 emulation $Id,,"sys_ia32.c,v 1.32 2002/03/24 13:02:28 ak Exp $",Thunderbird_E11,<*> <*> <*>/<*>/<*> <*>:<*>:<*> ak Exp $,Thunderbird,O O O O O O O O O O O O O O O OID O,1,0,0,0,0,0,0,0,0,0
1271,-,1131567043,2005.11.09,tbird-admin1,Nov,9,12:10:43,local@tbird-admin1,IOAPIC,2.0,"apic_id 10, version 32, address 0xfec83000, GSI 64-87",Thunderbird_E18,"apic_id <*>, version <*>, address <*>, GSI <*>",Thunderbird,O O O O O O O O O O O O O O O O O O O O O O O O O O O O O,0,0,0,0,0,0,0,0,0,0
1272,-,1131567043,2005.11.09,tbird-admin1,Nov,9,12:10:43,local@tbird-admin1,IP,,"routing cache hash table of 65536 buckets, 1024Kbytes",Thunderbird_E109,"routing cache hash table of <*> buckets, <*>",Thunderbird,O O O O O O O O O O O O O O O OID O,1,0,0,0,0,0,0,0,0,0
1273,-,1131567043,2005.11.09,tbird-admin1,Nov,9,12:10:43,local@tbird-admin1,Intel E7520/7320/7525 detected.<6>pci_hotplug,,PCI Hot Plug PCI Core version: 0.5,Thunderbird_E80,PCI Hot Plug PCI Core version: <*>,Thunderbird,O O O O O O O O O O O O O O O O O OBN OBN OBN OBN OBN OBN OBN OBN OBN OBN OBN OBN OBN OBN OBN OBN OBN OBN OBN OBN OBN OBN OBN OBN OBN OBN OBN OBN OBN OBN OBN OBN OBN OBN OBN OBN OBN OBN OBN OBN OBN OBN OBN OBN OBN OBN OBN OBN OBN OBN OBN OBN OBN OBN OBN OBN OBN OBN OBN OBN OBN OBN OBN OBN OBN OBN OBN OBN OBN OBN OBN OBN OBN OBN OBN OBN OBN OBN OBN OBN OBN OBN OBN OBN OBN OBN OBN OBN OBN OBN OBN OBN OBN OBN OBN OBN OBN OBN OBN OBN OBN OBN OBN OBN OBN OBN OBN OBN OBN OBN OBN OBN OBN OBN OBN,0,0,115,0,0,0,0,0,0,0
1274,-,1131567043,2005.11.09,tbird-admin1,Nov,9,12:10:43,local@tbird-admin1,Kernel command line,,"root=LABEL=/ initrd=/x86_64/initrd-2.6.9-5.0.5.EL-lustre-1.4.2-perfctr-admin console=tty0 console=ttyS0,19200 fastboot BOOT_IMAGE=/x86_64/vmlinuz-2.6.9-5.0.5.EL-lustre-1.4.2-perfctr",Thunderbird_E108,"<*>=LABEL=/ initrd=<*> console=<*> console=<*>,<*> fastboot BOOT_IMAGE=<*>",Thunderbird,O O O O O O O O O O O O O,0,0,0,0,0,0,0,0,0,0
1279,-,1131567043,2005.11.09,tbird-admin1,Nov,9,12:10:43,local@tbird-admin1,PCI-DMA,,Using software bounce buffering for IO (SWIOTLB),Thunderbird_E141,Using software bounce buffering for IO (SWIOTLB),Thunderbird,O O O O O O O O O O O O O O,0,0,0,0,0,0,0,0,0,0
1280,-,1131567043,2005.11.09,tbird-admin1,Nov,9,12:10:43,local@tbird-admin1,PCI,,Probing PCI hardware (bus 00),Thunderbird_E93,Probing PCI hardware (bus <*>),Thunderbird,O O O O O O O O O O O O O,0,0,0,0,0,0,0,0,0,0
1281,-,1131567043,2005.11.09,tbird-admin1,Nov,9,12:10:43,local@tbird-admin1,PCI,,Transparent bridge - 0000:00:1e.0,Thunderbird_E130,Transparent bridge - <*>,Thunderbird,O O O O O O O O O O O LOI O OBA,0,1,0,0,0,0,0,1,0,0
1282,-,1131567043,2005.11.09,tbird-admin1,Nov,9,12:10:43,local@tbird-admin1,PCI,,Using ACPI for IRQ routing,Thunderbird_E136,Using ACPI for IRQ routing,Thunderbird,O O O O O O O O O O O O O O O OID O,1,0,0,0,0,0,0,0,0,0
1283,-,1131567043,2005.11.09,tbird-admin1,Nov,9,12:10:43,local@tbird-admin1,PCI,,Using MMCONFIG at e0000000,Thunderbird_E140,Using MMCONFIG at <*>,Thunderbird,O O O O O O O O O O O O O O O O,0,0,0,0,0,0,0,0,0,0
1284,-,1131567043,2005.11.09,tbird-admin1,Nov,9,12:10:43,local@tbird-admin1,PCI,,Using configuration type 1,Thunderbird_E137,Using configuration type <*>,Thunderbird,O O O O O O O O O O O O O O O OID O,1,0,0,0,0,0,0,0,0,0
1285,-,1131567043,2005.11.09,tbird-admin1,Nov,9,12:10:43,local@tbird-admin1,RAMDISK,,Compressed image found at block 0,Thunderbird_E28,Compressed image found at block <*>,Thunderbird,O O O O O O O O O O O LOI O O OBA O O O O OBA,0,1,0,0,0,0,0,2,0,0
1286,-,1131567043,2005.11.09,tbird-admin1,Nov,9,12:10:43,local@tbird-admin1,SELinux,,Disabled at runtime.,Thunderbird_E42,Disabled at runtime.,Thunderbird,O O O O O O O O O O O O O LOI,0,1,0,0,0,0,0,0,0,0
1287,-,1131567043,2005.11.09,tbird-admin1,Nov,9,12:10:43,local@tbird-admin1,SELinux,,Initializing.,Thunderbird_E53,Initializing.,Thunderbird,O O O O O O O O O O O O O O O OID O,1,0,0,0,0,0,0,0,0,0
1288,-,1131567043,2005.11.09,tbird-admin1,Nov,9,12:10:43,local@tbird-admin1,SELinux,,Registering netfilter hooks,Thunderbird_E104,Registering netfilter hooks,Thunderbird,O O O O O O O O O OID O CRS TID OBA OID LOI,2,1,0,1,0,0,1,1,0,0
1289,-,1131567043,2005.11.09,tbird-admin1,Nov,9,12:10:43,local@tbird-admin1,SELinux,,Starting in permissive mode,Thunderbird_E121,Starting in permissive mode,Thunderbird,O O O O O O O O O O O OID LOI,1,1,0,0,0,0,0,0,0,0
1290,-,1131567043,2005.11.09,tbird-admin1,Nov,9,12:10:43,local@tbird-admin1,SELinux,,Unregistering netfilter hooks,Thunderbird_E133,Unregistering netfilter hooks,Thunderbird,O O O O O O O O O O O O O O O OID O,1,0,0,0,0,0,0,0,0,0
1291,-,1131567043,2005.11.09,tbird-admin1,Nov,9,12:10:43,local@tbird-admin1,TCP,,Hash tables configured (established 262144 bind 65536),Thunderbird_E49,Hash tables configured (established <*> bind <*>),Thunderbird,O O O O O O O O O O O LOI O OBA,0,1,0,0,0,0,0,1,0,0
1292,-,1131567043,2005.11.09,tbird-admin1,Nov,9,12:10:43,local@tbird-admin1,Type,,Direct-Access ANSI SCSI revision: 02,Thunderbird_E41,Direct-Access ANSI SCSI revision: <*>,Thunderbird,O O O O O O O O O O O LOI O OBA,0,1,0,0,0,0,0,1,0,0
1293,-,1131567043,2005.11.09,tbird-admin1,Nov,9,12:10:43,local@tbird-admin1,Type,,Processor ANSI SCSI revision: 02,Thunderbird_E95,Processor ANSI SCSI revision: <*>,Thunderbird,O O O O O O O O O O O LOI O O O O O O O,0,1,0,0,0,0,0,0,0,0
1294,-,1131567043,2005.11.09,tbird-admin1,Nov,9,12:10:43,local@tbird-admin1,VFS,,Disk quotas dquot_6.5.1,Thunderbird_E43,Disk quotas <*>,Thunderbird,O O O O O O O O O O O O O O O OID O,1,0,0,0,0,0,0,0,0,0
1295,-,1131567043,2005.11.09,tbird-admin1,Nov,9,12:10:43,local@tbird-admin1,VFS,,Mounted root (ext2 filesystem).,Thunderbird_E72,Mounted <*> (ext2 filesystem).,Thunderbird,O O O O O O O O O O O O O O O OID O,1,0,0,0,0,0,0,0,0,0
1296,-,1131567043,2005.11.09,tbird-admin1,Nov,9,12:10:43,local@tbird-admin1,Vendor,,MegaRAID Model: LD 0 RAID1 139G Rev: 516A,Thunderbird_E70,MegaRAID Model: LD <*> RAID1 <*> Rev: <*>,Thunderbird,O O O O O O O O O O O O O O O OID O,1,0,0,0,0,0,0,0,0,0
1297,-,1131567043,2005.11.09,tbird-admin1,Nov,9,12:10:43,local@tbird-admin1,Vendor,,PE/PV Model: 1x2 SCSI BP Rev: 1.0,Thunderbird_E87,PE/PV Model: <*> SCSI BP Rev: <*>,Thunderbird,O O O O O O O O O O O LOI O OBA,0,1,0,0,0,0,0,1,0,0
1298,-,1131567043,2005.11.09,tbird-admin1,Nov,9,12:10:43,local@tbird-admin1,audit(1131538222.234:0),,initialized,Thunderbird_E51,initialized,Thunderbird,O O O O O O O O O O O O OTP,0,0,0,0,0,0,0,0,0,1
1299,-,1131567043,2005.11.09,tbird-admin1,Nov,9,12:10:43,local@tbird-admin1,audit,,initializing netlink socket (disabled),Thunderbird_E52,initializing netlink socket (disabled),Thunderbird,O O O O O O O O O O O O O O O OID O,1,0,0,0,0,0,0,0,0,0
1300,-,1131567043,2005.11.09,tbird-admin1,Nov,9,12:10:43,local@tbird-admin1,checking TSC synchronization across 4 CPUs,,passed.,Thunderbird_E79,passed.,Thunderbird,O O O O O O O O O O O O O O O OID O,1,0,0,0,0,0,0,0,0,0
1301,-,1131567043,2005.11.09,tbird-admin1,Nov,9,12:10:43,local@tbird-admin1,device-mapper,,4.1.0-ioctl (2003-12-10) initialised: #36#@#37#,Thunderbird_E14,<*>-ioctl (<*>) initialised: #<*>#@#<*>#,Thunderbird,O O O O O O O O O O O LOI O OBA,0,1,0,0,0,0,0,1,0,0
1303,-,1131567043,2005.11.09,tbird-admin1,Nov,9,12:10:43,local@tbird-admin1,divert,,allocating divert_blk for eth1,Thunderbird_E17,allocating divert_blk for <*>,Thunderbird,O O O O O O O O O O O O O O O OID O,1,0,0,0,0,0,0,0,0,0
1305,-,1131567043,2005.11.09,tbird-admin1,Nov,9,12:10:43,local@tbird-admin1,drivers/usb/input/hid-core.c,,v2.0:USB HID core driver,Thunderbird_E143,<*>:USB HID core driver,Thunderbird,O O O O O O O O O O O O O O O OID O,1,0,0,0,0,0,0,0,0,0
1307,-,1131567043,2005.11.09,tbird-admin1,Nov,9,12:10:43,local@tbird-admin1,e1000,,eth0: e1000_watchdog: NIC Link is Up 1000 Mbps Full Duplex,Thunderbird_E46,eth0: <*>: NIC Link is Up <*> Mbps Full Duplex,Thunderbird,O O O O O O O O O O O O O O O OID O,1,0,0,0,0,0,0,0,0,0
1308,-,1131567043,2005.11.09,tbird-admin1,Nov,9,12:10:43,local@tbird-admin1,e1000,,eth1: e1000_probe: Intel(R) PRO/1000 Network Connection,Thunderbird_E45,<*>: <*>: Intel(R) PRO/<*> Network Connection,Thunderbird,O O O O O O O O O O O O O,0,0,0,0,0,0,0,0,0,0
1309,-,1131567043,2005.11.09,tbird-admin1,Nov,9,12:10:43,local@tbird-admin1,floppy0,,no floppy controllers found,Thunderbird_E76,no floppy controllers found,Thunderbird,O O O O O O O O O O O O O O O OID O,1,0,0,0,0,0,0,0,0,0
1310,-,1131567043,2005.11.09,tbird-admin1,Nov,9,12:10:43,local@tbird-admin1,hw_random,,RNG not detected,Thunderbird_E107,RNG not detected,Thunderbird,O O O O O O O O O O O LOI O OBA,0,1,0,0,0,0,0,1,0,0
1316,-,1131567043,2005.11.09,tbird-admin1,Nov,9,12:10:43,local@tbird-admin1,ide5,,Wait for ready failed before probe !,Thunderbird_E145,Wait for ready failed before probe !,Thunderbird,O O O O O O O O O O O O O O O OID O,1,0,0,0,0,0,0,0,0,0
1317,-,1131567043,2005.11.09,tbird-admin1,Nov,9,12:10:43,local@tbird-admin1,ide,,Assuming 33MHz system bus speed for PIO modes; override with idebus=xx,Thunderbird_E20,Assuming <*> system bus speed for PIO modes; override with idebus=xx,Thunderbird,O O O O O O O O O O O O O O O OID O,1,0,0,0,0,0,0,0,0,0
1318,-,1131567043,2005.11.09,tbird-admin1,Nov,9,12:10:43,local@tbird-admin1,ioctl32(fdisk:515),,Unknown cmd fd(5) cmd(80081272){00} arg(ffffda44) on /dev/sda,Thunderbird_E132,Unknown cmd fd(<*>) cmd(<*>){<*>} arg(<*>) on <*>,Thunderbird,O O O O O O O O O O O O O O O OID O,1,0,0,0,0,0,0,0,0,0
1322,-,1131567043,2005.11.09,tbird-admin1,Nov,9,12:10:43,local@tbird-admin1,ip_tables,,(C) 2000-2002 Netfilter core team,Thunderbird_E1,(C) <*>-<*> Netfilter core team,Thunderbird,O O O O O O O O O O O O O O,0,0,0,0,0,0,0,0,0,0
1323,-,1131567043,2005.11.09,tbird-admin1,Nov,9,12:10:43,local@tbird-admin1,ksign,,Installing public key data,Thunderbird_E54,Installing public key data,Thunderbird,O O O O O O O O O O O O O O O OID O,1,0,0,0,0,0,0,0,0,0
1325,-,1131567043,2005.11.09,tbird-admin1,Nov,9,12:10:43,local@tbird-admin1,md,,... autorun DONE.,Thunderbird_E5,... autorun DONE.,Thunderbird,O O O O O O O O O O O O O O O OID O,1,0,0,0,0,0,0,0,0,0
1327,-,1131567043,2005.11.09,tbird-admin1,Nov,9,12:10:43,local@tbird-admin1,md,,Autodetecting RAID arrays.,Thunderbird_E22,Autodetecting RAID arrays.,Thunderbird,O O O O O O O O O O O LOI O OBA,0,1,0,0,0,0,0,1,0,0
1329,-,1131567043,2005.11.09,tbird-admin1,Nov,9,12:10:43,local@tbird-admin1,md,,autorun ...,Thunderbird_E23,autorun ...,Thunderbird,O O O O O O O O O O O LOI O O OBA O O O O OBA,0,1,0,0,0,0,0,2,0,0
1330,-,1131567043,2005.11.09,tbird-admin1,Nov,9,12:10:43,local@tbird-admin1,md,,"md driver 0.90.0 MAX_MD_DEVS=256, MD_SB_DISKS=27",Thunderbird_E69,"md driver <*> MAX_MD_DEVS=<*>, MD_SB_DISKS=<*>",Thunderbird,O O O O O O O O O O O LOI O OBA,0,1,0,0,0,0,0,1,0,0
1332,-,1131567043,2005.11.09,tbird-admin1,Nov,9,12:10:43,local@tbird-admin1,megaraid,,#39# (Release Date: Mon Sep 27 22:15:07 EDT 2004),Thunderbird_E9,<*> (Release Date: <*> <*>),Thunderbird,O O O O O O O O O O O O O O,0,0,0,0,0,0,0,0,0,0
1333,-,1131567043,2005.11.09,tbird-admin1,Nov,9,12:10:43,local@tbird-admin1,megaraid,,fw version:[516A] bios version:[H418],Thunderbird_E47,fw version:[<*>] bios version:[<*>],Thunderbird,O O O O O O O O O O O O O O O OID O,1,0,0,0,0,0,0,0,0,0
1334,-,1131567043,2005.11.09,tbird-admin1,Nov,9,12:10:43,local@tbird-admin1,megaraid,,probe new device 0x1028:0x0013:0x1028:0x016c: bus 2:slot 14:func 0,Thunderbird_E91,probe new device <*>:<*>:<*>:<*>: bus <*>:slot <*>:func <*>,Thunderbird,O O O O O O O O O O O O O O O OID O,1,0,0,0,0,0,0,0,0,0
1335,-,1131567043,2005.11.09,tbird-admin1,Nov,9,12:10:43,local@tbird-admin1,mice,,PS/2 mouse device common for all mice,Thunderbird_E96,PS/<*> mouse device common for all mice,Thunderbird,O O O O O O O O O O O LOI O OBA,0,1,0,0,0,0,0,1,0,0
1336,-,1131567043,2005.11.09,tbird-admin1,Nov,9,12:10:43,local@tbird-admin1,mtrr,,v2.0 (20020519),Thunderbird_E142,<*> (<*>),Thunderbird,O O O O O O O O O O O O O O O OID O,1,0,0,0,0,0,0,0,0,0
1337,-,1131567043,2005.11.09,tbird-admin1,Nov,9,12:10:43,local@tbird-admin1,nfslock,,rpc.statd startup succeeded,Thunderbird_E110,rpc.statd startup succeeded,Thunderbird,O O O O O O O O O O O O O O O OID O,1,0,0,0,0,0,0,0,0,0
1338,-,1131567043,2005.11.09,tbird-admin1,Nov,9,12:10:43,local@tbird-admin1,portmap,,portmap startup succeeded,Thunderbird_E89,portmap startup succeeded,Thunderbird,O O O O O O O O O O O LOI O OBA,0,1,0,0,0,0,0,1,0,0
1339,-,1131567043,2005.11.09,tbird-admin1,Nov,9,12:10:43,local@tbird-admin1,rc,,Starting ts_fixup: succeeded,Thunderbird_E122,Starting ts_fixup: succeeded,Thunderbird,O O O O O O O O O O O O O O O OID O,1,0,0,0,0,0,0,0,0,0
1340,-,1131567043,2005.11.09,tbird-admin1,Nov,9,12:10:43,local@tbird-admin1,rpc.statd,1637.0,Version 1.0.6 Starting,Thunderbird_E144,Version <*> Starting,Thunderbird,O O O O O O O O O O O O O O O OID O,1,0,0,0,0,0,0,0,0,0
1341,-,1131567043,2005.11.09,tbird-admin1,Nov,9,12:10:43,local@tbird-admin1,scsi0 ,,LSI Logic MegaRAID driver,Thunderbird_E68,LSI Logic MegaRAID driver,Thunderbird,O O O O O O O O O O O LOI O OBA,0,1,0,0,0,0,0,1,0,0
1342,-,1131567043,2005.11.09,tbird-admin1,Nov,9,12:10:43,local@tbird-admin1,scsi,0.0,scanning scsi channel 0 [Phy 0] for non-raid devices,Thunderbird_E113,scanning scsi channel <*> [Phy <*>] for non-raid devices,Thunderbird,O O O O O O O O O O O O O O O OID O,1,0,0,0,0,0,0,0,0,0
1343,-,1131567043,2005.11.09,tbird-admin1,Nov,9,12:10:43,local@tbird-admin1,scsi,0.0,scanning scsi channel 1 [virtual] for logical drives,Thunderbird_E114,scanning scsi channel <*> [virtual] for logical drives,Thunderbird,O O O O O O O O O O O O O O O O O O O O O O O O O O O O O,0,0,0,0,0,0,0,0,0,0
1344,-,1131567043,2005.11.09,tbird-admin1,Nov,9,12:10:43,local@tbird-admin1,sda,,asking for cache data failed,Thunderbird_E19,asking for cache data failed,Thunderbird,O O O O O O O O O O O O O O O OID O,1,0,0,0,0,0,0,0,0,0
1345,-,1131567043,2005.11.09,tbird-admin1,Nov,9,12:10:43,local@tbird-admin1,sda,,assuming drive cache: write through,Thunderbird_E21,assuming drive cache: write through,Thunderbird,O O O O O O O O O O O O O O O OID O,1,0,0,0,0,0,0,0,0,0
1346,-,1131567043,2005.11.09,tbird-admin1,Nov,9,12:10:43,local@tbird-admin1,sda,,sda1 sda2 sda3 sda4,Thunderbird_E115,sda1 sda2 sda3 sda4,Thunderbird,O O O O O O O O O O O O OID,1,0,0,0,0,0,0,0,0,0
1347,-,1131567043,2005.11.09,tbird-admin1,Nov,9,12:10:43,local@tbird-admin1,selinux_register_security,,Registering secondary module capability,Thunderbird_E105,Registering secondary module capability,Thunderbird,O O O O O O O O O O O O O O O OID O,1,0,0,0,0,0,0,0,0,0
1348,-,1131567043,2005.11.09,tbird-admin1,Nov,9,12:10:43,local@tbird-admin1,serio,,"i8042 AUX port at 0x60,0x64 irq 12",Thunderbird_E12,"<*> AUX port at <*>,<*> irq <*>",Thunderbird,O O O O O O O O O O O LOI O OBA,0,1,0,0,0,0,0,1,0,0
1349,-,1131567043,2005.11.09,tbird-admin1,Nov,9,12:10:43,local@tbird-admin1,serio,,"i8042 KBD port at 0x60,0x64 irq 1",Thunderbird_E13,"<*> KBD port at <*>,<*> irq <*>",Thunderbird,O O O O O O O O O O O O O O O OID O,1,0,0,0,0,0,0,0,0,0
1350,-,1131567043,2005.11.09,tbird-admin1,Nov,9,12:10:43,local@tbird-admin1,syslog-ng,,syslog-ng startup succeeded,Thunderbird_E126,syslog-ng startup succeeded,Thunderbird,O O O O O O O O O O O O O O O OID O,1,0,0,0,0,0,0,0,0,0
1351,-,1131567043,2005.11.09,tbird-admin1,Nov,9,12:10:43,local@tbird-admin1,syslog-ng,1605.0,syslog-ng version 1.6.7 starting,Thunderbird_E127,syslog-ng version <*> starting,Thunderbird,O O O O O O O O O O O O O O O OID O,1,0,0,0,0,0,0,0,0,0
1352,-,1131567043,2005.11.09,tbird-admin1,Nov,9,12:10:43,local@tbird-admin1,time.c,,Detected 3591.360 MHz processor.,Thunderbird_E33,Detected <*> MHz processor.,Thunderbird,O O O O O O O O O O O LOI O OBA,0,1,0,0,0,0,0,1,0,0
1353,-,1131567043,2005.11.09,tbird-admin1,Nov,9,12:10:43,local@tbird-admin1,time.c,,Using 14.318180 MHz HPET timer.,Thunderbird_E135,Using <*> MHz HPET timer.,Thunderbird,O O O O O O O O O O O O O O O O O OBN OBN OBN OBN OBN OBN OBN OBN OBN OBN OBN OBN OBN OBN OBN OBN OBN OBN OBN OBN OBN OBN OBN OBN OBN OBN OBN OBN OBN OBN OBN OBN OBN OBN OBN OBN OBN OBN OBN OBN OBN OBN OBN OBN OBN OBN OBN OBN OBN OBN OBN OBN OBN OBN OBN OBN OBN OBN OBN OBN OBN OBN OBN OBN OBN OBN OBN OBN OBN OBN OBN OBN OBN OBN OBN OBN OBN OBN OBN OBN OBN OBN OBN OBN OBN OBN OBN OBN OBN OBN OBN OBN OBN OBN OBN OBN OBN OBN OBN OBN OBN OBN OBN OBN OBN OBN OBN OBN OBN OBN OBN OBN OBN OBN OBN,0,0,115,0,0,0,0,0,0,0
1354,-,1131567043,2005.11.09,tbird-admin1,Nov,9,12:10:43,local@tbird-admin1,time.c,,Using HPET based timekeeping.,Thunderbird_E138,Using HPET based timekeeping.,Thunderbird,O O O O O O O O O O O O O O O OID O,1,0,0,0,0,0,0,0,0,0
1355,-,1131567043,2005.11.09,tbird-admin1,Nov,9,12:10:43,local@tbird-admin1,ts_fixup,,Creating Topspin /dev entries:,Thunderbird_E31,Creating Topspin <*> entries:,Thunderbird,O O O O O O O O O O O O O O O OID O,1,0,0,0,0,0,0,0,0,0
1356,-,1131567043,2005.11.09,tbird-admin1,Nov,9,12:10:43,local@tbird-admin1,usbcore,,registered new driver hiddev,Thunderbird_E99,registered new driver hiddev,Thunderbird,O O O O O O O O O O O LOI O OBA,0,1,0,0,0,0,0,1,0,0
1357,-,1131567043,2005.11.09,tbird-admin1,Nov,9,12:10:43,local@tbird-admin1,usbcore,,registered new driver hub,Thunderbird_E100,registered new driver hub,Thunderbird,O O O O O O O O O O O O O O O OID O,1,0,0,0,0,0,0,0,0,0
1358,-,1131567043,2005.11.09,tbird-admin1,Nov,9,12:10:43,local@tbird-admin1,usbcore,,registered new driver usbfs,Thunderbird_E101,registered new driver usbfs,Thunderbird,O O O O O O O O O O O LOI O OBA,0,1,0,0,0,0,0,1,0,0
1359,-,1131567043,2005.11.09,tbird-admin1,Nov,9,12:10:43,local@tbird-admin1,usbcore,,registered new driver usbhid,Thunderbird_E102,registered new driver usbhid,Thunderbird,O O O O O O O O O O O O O O O,0,0,0,0,0,0,0,0,0,0
1360,-,1131567043,2005.11.09,tbird-admin1,Nov,9,12:10:43,local@tbird-admin1,vesafb,,probe of vesafb0 failed with error -6,Thunderbird_E92,probe of vesafb0 failed with error <*>,Thunderbird,O O O O O O O O O O O O O O,0,0,0,0,0,0,0,0,0,0
1383,-,1131567052,2005.11.09,tbird-admin1,Nov,9,12:10:52,local@tbird-admin1,netfs,,Mounting NFS filesystems: succeeded,Thunderbird_E73,Mounting NFS filesystems: succeeded,Thunderbird,O O O O O O O O O O O LOI O OBA,0,1,0,0,0,0,0,1,0,0
1384,-,1131567052,2005.11.09,tbird-admin1,Nov,9,12:10:52,local@tbird-admin1,netfs,,Mounting other filesystems: failed,Thunderbird_E74,Mounting other filesystems: failed,Thunderbird,O O O O O O O O O O O O O O O OID O,1,0,0,0,0,0,0,0,0,0
1403,-,1131567054,2005.11.09,#8#,Nov,9,12:10:54,#8#/#8#,sshd,2223.0,"connection from ""#28#""",Thunderbird_E29,"connection from ""#<*>#""",Thunderbird,O O O O O O O O O O O LOI O OBA,0,1,0,0,0,0,0,1,0,0
1453,-,1131567054,2005.11.09,tbird-admin1,Nov,9,12:10:54,local@tbird-admin1,gmetad,,Warning: we failed to resolve data source name dn910 dn911 dn912 dn913 dn914 dn915 dn916 dn917 dn918 dn919 dn920 dn921 dn922 dn923 dn924 dn925 dn926 dn927 dn928 dn929 dn930 dn931 dn932 dn933 dn934 dn935 dn936 dn937 dn938 dn939 dn940 dn941 dn942 dn943 dn944 dn945 dn946 dn947 dn948 dn949 dn950 dn951 dn952 dn953 dn954 dn955 dn956 dn957 dn958 dn959 dn960 dn961 dn962 dn963 dn964 dn965 dn966 dn967 dn968 dn969 dn970 dn971 dn972 dn973 dn974 dn975 dn976 dn977 dn978 dn979 dn980 dn981 dn982 dn983 dn984 dn985 dn986 dn987 dn988 dn989 dn990 dn991 dn992 dn993 dn994 dn995 dn996 dn997 dn998 dn999 dn1000 dn1001 dn1002 dn1003 dn1004 dn1005 dn1006 dn1007 dn1008 dn1009 dn1010 dn1011 dn1012 dn1013 dn1014 dn1015 dn1016 dn1017 dn1018 dn1019 dn1020 dn1021 dn1022 dn1023 dn1024,Thunderbird_E146,Warning: we failed to resolve data source name <*>,Thunderbird,O O O O O O O O O O O LOI O OBA,0,1,0,0,0,0,0,1,0,0
1454,-,1131567054,2005.11.09,tbird-admin1,Nov,9,12:10:54,local@tbird-admin1,gmetad,,Warning: we failed to resolve trusted host name dadmin3 dadmin4,Thunderbird_E147,Warning: we failed to resolve trusted host name <*>,Thunderbird,O O O O O O O O O O O O O O O OID O,1,0,0,0,0,0,0,0,0,0
1455,-,1131567054,2005.11.09,tbird-admin1,Nov,9,12:10:54,local@tbird-admin1,gmetad,,gmetad startup succeeded,Thunderbird_E48,gmetad startup succeeded,Thunderbird,O O O O O O O O O O O O O O O OID O,1,0,0,0,0,0,0,0,0,0
1456,-,1131567055,2005.11.09,#8#,Nov,9,12:10:55,#8#/#8#,sshd2,4895.0,Now running on #29#'s privileges.,Thunderbird_E78,Now running on #<*>#'s privileges.,Thunderbird,O O O O O O O O O O O OBA O O,0,0,0,0,0,0,0,1,0,0
1457,-,1131567055,2005.11.09,#8#,Nov,9,12:10:55,#8#/#8#,sshd,4893.0,"User #29#, coming from #30#, authenticated.",Thunderbird_E134,"User #<*>#, coming from #<*>#, authenticated.",Thunderbird,O O O O O O O O O O O O O,0,0,0,0,0,0,0,0,0,0
1462,-,1131567055,2005.11.09,tbird-admin1,Nov,9,12:10:55,local@tbird-admin1,NET,,Registered protocol family 10,Thunderbird_E103,Registered protocol family <*>,Thunderbird,O O O O O O O O O O O O O O O OID O,1,0,0,0,0,0,0,0,0,0
1463,-,1131567055,2005.11.09,tbird-admin1,Nov,9,12:10:55,local@tbird-admin1,divert,,not allocating divert_blk for non-ethernet device sit0,Thunderbird_E77,not allocating divert_blk for non-ethernet device <*>,Thunderbird,O O O O O O O O O O O LOI O OBA,0,1,0,0,0,0,0,1,0,0
1465,-,1131567055,2005.11.09,tbird-admin1,Nov,9,12:10:55,local@tbird-admin1,sshd,1761.0,Server listening on :: port 22.,Thunderbird_E116,Server listening on :: port <*>.,Thunderbird,O O O O O O O O O O O O O O O OID O,1,0,0,0,0,0,0,0,0,0
1466,-,1131567055,2005.11.09,tbird-admin1,Nov,9,12:10:55,local@tbird-admin1,sshd,1761.0,error: Bind to port 22 on 0.0.0.0 failed: Address already in use.,Thunderbird_E44,error: Bind to port <*> on <*> failed: Address already in use.,Thunderbird,O O O O O O O O O O O LOI O O OBA O O O O OBA,0,1,0,0,0,0,0,2,0,0
1470,-,1131567057,2005.11.09,tbird-admin1,Nov,9,12:10:57,local@tbird-admin1,syslog-ng,1605.0,Cannot open file /dev/logsurfer for writing (No such file or directory),Thunderbird_E24,Cannot open file <*> for writing (No such file or directory),Thunderbird,O O O O O O O O O O O O O O O OID O,1,0,0,0,0,0,0,0,0,0
1471,-,1131567057,2005.11.09,tbird-admin1,Nov,9,12:10:57,local@tbird-admin1,syslog-ng,1605.0,Changing permissions on special file /dev/logsurfer,Thunderbird_E26,Changing permissions on special file <*>,Thunderbird,O O O O O O O O O O O O O O O OID O,1,0,0,0,0,0,0,0,0,0
1484,-,1131567060,2005.11.09,tbird-admin1,Nov,9,12:11:00,local@tbird-admin1,solproxy,,succeeded,Thunderbird_E124,succeeded,Thunderbird,O O O O O O O O O O O LOI O OBA,0,1,0,0,0,0,0,1,0,0
1485,-,1131567060,2005.11.09,tbird-admin1,Nov,9,12:11:00,local@tbird-admin1,xinetd,,xinetd startup succeeded,Thunderbird_E148,xinetd startup succeeded,Thunderbird,O O O O O O O O O O O LOI O OBA,0,1,0,0,0,0,0,1,0,0
1502,-,1131567060,2005.11.09,tbird-admin1,Nov,9,12:11:00,local@tbird-admin1,xinetd,1798.0,Reading included configuration file: /etc/xinetd.d/time-udp [file=/etc/xinetd.d/time-udp] [line=17],Thunderbird_E97,Reading included configuration file: <*> [file=<*>] [line=<*>],Thunderbird,O O O O O O O O O O O LOI O OBA,0,1,0,0,0,0,0,1,0,0
1503,-,1131567060,2005.11.09,tbird-admin1,Nov,9,12:11:00,local@tbird-admin1,xinetd,1798.0,Started working: 1 available service,Thunderbird_E120,Started working: <*> available service,Thunderbird,O O O O O O O O O O O O O O O OID O,1,0,0,0,0,0,0,0,0,0
1519,-,1131567060,2005.11.09,tbird-admin1,Nov,9,12:11:00,local@tbird-admin1,xinetd,1798.0,removing time,Thunderbird_E106,removing <*>,Thunderbird,O O O O O O O O O O O O O,0,0,0,0,0,0,0,0,0,0
1520,-,1131567060,2005.11.09,tbird-admin1,Nov,9,12:11:00,local@tbird-admin1,xinetd,1798.0,xinetd Version 2.3.13 started with libwrap loadavg options compiled in.,Thunderbird_E149,xinetd Version <*> started with libwrap loadavg options compiled in.,Thunderbird,O O O O O O O O O O O O O O O OID O,1,0,0,0,0,0,0,0,0,0
1533,-,1131567073,2005.11.09,tbird-admin1,Nov,9,12:11:13,local@tbird-admin1,/apps/x86_64/system/ganglia-3.0.1/sbin/gmetad,1682.0,RRD_update (/var/lib/ganglia/rrds/D Nodes/dn731/pkts_out.rrd): illegal attempt to update using time 1131563473 when last update time is 1131563473 (minimum one second step),Thunderbird_E111,RRD_update (<*>): illegal attempt to update using time <*> when last update time is <*> (minimum one second step),Thunderbird,O O O O O O O O O O O O O O O OID O,1,0,0,0,0,0,0,0,0,0
1578,-,1131567093,2005.11.09,dadmin1,Nov,9,12:11:33,src@dadmin1,sendmail,27337.0,unable to qualify my own domain name (dadmin1) -- using short name,Thunderbird_E131,unable to qualify my own domain name (<*>) -- using short name,Thunderbird,O O O O O O O O O O O O O O O OID O,1,0,0,0,0,0,0,0,0,0
1592,-,1131567095,2005.11.09,dadmin1,Nov,9,12:11:35,src@dadmin1,crond(pam_unix),24261.0,session closed for user root,Thunderbird_E117,session closed for user <*>,Thunderbird,O O O O O O O O O O O O O O O OID O,1,0,0,0,0,0,0,0,0,0
1593,-,1131567095,2005.11.09,dadmin1,Nov,9,12:11:35,src@dadmin1,sendmail,27337.0,"jA9JBXVI027337: from=root, size=1597080, class=0, nrcpts=1, msgid=<200511091911.jA9JBXVI027337@dadmin1>, relay=#7#@localhost",Thunderbird_E15,"<*>: from=<*>, size=<*>, class=<*>, nrcpts=<*>, msgid=<*>, relay=#<*>#@localhost",Thunderbird,O O O O O O O O O O O LOI O OBA,0,1,0,0,0,0,0,1,0,0
1594,-,1131567095,2005.11.09,dadmin1,Nov,9,12:11:35,src@dadmin1,sendmail,27337.0,"jA9JBXVI027337: to=root, ctladdr=root (0/0), delay=00:00:02, xdelay=00:00:00, mailer=relay, pri=1627080, relay=[127.0.0.1] [127.0.0.1], dsn=4.0.0, stat=Deferred: Connection refused by [127.0.0.1]",Thunderbird_E16,"<*>: to=<*>, ctladdr=<*> (0/0), delay=<*>:<*>:<*>, xdelay=<*>:<*>:<*>, mailer=relay, pri=<*>, relay=[<*>] [<*>], dsn=<*>, stat=Deferred: Connection refused by [<*>]",Thunderbird,O O O O O O O O O O O O O O O OID O,1,0,0,0,0,0,0,0,0,0
1843,-,1131567240,2005.11.09,#8#,Nov,9,12:14:00,#8#/#8#,sshd,4893.0,Local disconnected: Connection closed.,Thunderbird_E67,Local disconnected: Connection closed.,Thunderbird,O O O O O O O O O O O O O STC,0,0,0,0,0,0,0,0,1,0
1844,-,1131567240,2005.11.09,#8#,Nov,9,12:14:00,#8#/#8#,sshd,4893.0,connection lost: 'Connection closed.',Thunderbird_E30,connection lost: 'Connection closed.',Thunderbird,O O O O O O O O O O O LOI O OBA,0,1,0,0,0,0,0,1,0,0
1953,-,1131567306,2005.11.09,en14,Nov,9,12:15:06,en14/en14,smartd,1971.0,"Device: /dev/sda, Temperature changed -2 Celsius to 26 Celsius since last report",Thunderbird_E34,"Device: <*>, Temperature changed <*> Celsius to <*> Celsius since last report",Thunderbird,O O O O O O O O O O O LOI O OBA,0,1,0,0,0,0,0,1,0,0
1983,-,1131567324,2005.11.09,tbird-sm1,Nov,9,12:15:24,src@tbird-sm1,ib_sm.x,24904.0,[ib_sm_sweep.c:1831]: ********************** NEW SWEEP ********************,Thunderbird_E8,[ib_sm_sweep.c:<*>]: ********************** NEW SWEEP ********************,Thunderbird,O O O O O O O O O O O O O O O OID O,1,0,0,0,0,0,0,0,0,0
1991,-,1131567328,2005.11.09,tbird-sm1,Nov,9,12:15:28,src@tbird-sm1,ib_sm.x,24904.0,[ib_sm_sweep.c:1455]: No topology change,Thunderbird_E6,[ib_sm_sweep.c:<*>]: No topology change,Thunderbird,O O O O O O O O O O O O O O O OID O,1,0,0,0,0,0,0,0,0,0
1992,-,1131567328,2005.11.09,tbird-sm1,Nov,9,12:15:28,src@tbird-sm1,ib_sm.x,24904.0,[ib_sm_sweep.c:1482]: No configuration change required,Thunderbird_E7,[ib_sm_sweep.c:<*>]: No configuration change required,Thunderbird,O O O O O O O O O O O LOI O OBA,0,1,0,0,0,0,0,1,0,0
1997,-,1131567330,2005.11.09,tbird-admin1,Nov,9,12:15:30,local@tbird-admin1,/apps/x86_64/system/ganglia-3.0.1/sbin/gmetad,1682.0,data_thread() got not answer from any [Thunderbird_D7] datasource,Thunderbird_E32,data_thread() got not answer from any [<*>] datasource,Thunderbird,O O O O O O O O O O O LOI O OBA,0,1,0,0,0,0,0,1,0,0
2000,-,1131567332,2005.11.09,cn390,Nov,9,12:15:32,cn390/cn390,ntpd,10152.0,"synchronized to 10.100.20.250, stratum 3",Thunderbird_E125,"synchronized to <*>, stratum <*>",Thunderbird,O O O O O O O O O O O LOI O OBA,0,1,0,0,0,0,0,1,0,0
